gene, Ara-3_40K_10979_annotated.gd, Ara-2_40K_11035_annotated.gd, Ara-1_40K_10938_annotated.gd
ECB_00001, 0, 1, 2
ECB_00002, 3, 10, 3
ECB_00003, 3, 3, 2
ECB_00004, 0, 6, 2
ECB_00005, 0, 0, 0
ECB_00006, 0, 3, 8
ECB_00007, 3, 5, 7
ECB_00008, 2, 2, 1
ECB_00009, 2, 1, 2
ECB_00010, 0, 5, 2
ECB_00011, 2, 1, 4
ECB_00012, 2, 0, 1
ECB_00013, 0, 3, 3
ECB_00014, 3, 6, 8
ECB_00015, 0, 4, 6
ECB_00016, 2, 5, 6
ECB_00017, 2, 3, 0
ECB_00018, 0, 3, 5
ECB_00019, 0, 3, 3
ECB_00020, 1, 3, 3
ECB_00021, 1, 4, 1
ECB_00022, 0, 6, 2
ECB_00023, 0, 1, 1
ECB_00024, 2, 3, 2
ECB_00025, 3, 1, 4
ECB_00026, 0, 1, 0
ECB_00027, 0, 1, 2
ECB_00028, 0, 0, 2
ECB_00029, 0, 6, 1
ECB_00030, 7, 8, 10
ECB_00031, 1, 3, 1
ECB_00032, 1, 5, 3
ECB_00033, 3, 6, 5
ECB_00034, 2, 5, 3
ECB_00035, 3, 1, 3
ECB_00036, 0, 4, 6
ECB_00037, 5, 14, 12
ECB_00038, 1, 1, 2
ECB_00039, 2, 2, 2
ECB_00040, 1, 6, 1
ECB_00041, 3, 6, 2
ECB_00042, 0, 8, 2
ECB_00042, 0, 2, 0
ECB_00043, 1, 9, 6
ECB_00044, 3, 3, 8
ECB_00045, 2, 1, 3
ECB_00046, 1, 6, 0
ECB_00047, 3, 1, 4
ECB_00048, 1, 1, 1
ECB_00049, 0, 5, 9
ECB_00050, 1, 2, 1
ECB_00051, 3, 4, 5
ECB_00052, 1, 1, 2
ECB_00053, 2, 4, 0
ECB_00054, 2, 3, 1
ECB_00055, 2, 2, 2
ECB_00056, 2, 7, 4
ECB_00057, 0, 7, 3
ECB_00058, 4, 12, 10
ECB_00059, 0, 4, 3
ECB_00060, 3, 4, 2
ECB_00061, 9, 14, 7
ECB_00062, 2, 8, 4
ECB_00063, 0, 3, 2
ECB_00064, 2, 12, 1
ECB_00065, 1, 6, 5
ECB_00066, 0, 3, 4
ECB_00067, 1, 0, 3
ECB_00068, 0, 1, 3
ECB_00069, 3, 7, 5
ECB_00070, 2, 7, 2
ECB_00071, 3, 6, 9
ECB_00072, 0, 9, 0
ECB_00073, 2, 5, 3
ECB_00074, 0, 8, 2
ECB_00075, 3, 9, 6
ECB_00076, 3, 6, 5
ECB_00077, 0, 1, 0
ECB_00078, 1, 3, 5
ECB_00079, 6, 11, 10
ECB_00080, 1, 2, 1
ECB_00081, 1, 2, 3
ECB_00082, 0, 3, 0
ECB_00083, 2, 6, 3
ECB_00084, 1, 1, 2
ECB_00085, 1, 10, 5
ECB_00086, 1, 11, 5
ECB_00087, 3, 2, 1
ECB_00088, 1, 7, 4
ECB_00089, 3, 5, 6
ECB_00090, 2, 6, 2
ECB_00091, 1, 6, 1
ECB_00092, 1, 8, 3
ECB_00093, 1, 5, 4
ECB_00094, 1, 2, 2
ECB_00095, 4, 4, 5
ECB_00096, 4, 6, 4
ECB_00097, 1, 6, 2
ECB_00098, 0, 4, 2
ECB_00099, 5, 12, 4
ECB_00100, 1, 3, 1
ECB_00101, 0, 2, 0
ECB_00102, 1, 0, 3
ECB_00103, 1, 3, 2
ECB_00104, 1, 9, 3
ECB_00105, 0, 10, 5
ECB_00106, 2, 11, 4
ECB_00107, 0, 0, 2
ECB_00108, 0, 7, 4
ECB_00109, 0, 1, 2
ECB_00110, 3, 2, 4
ECB_00111, 2, 6, 5
ECB_00112, 2, 2, 2
ECB_00113, 5, 9, 4
ECB_00114, 1, 9, 2
ECB_00115, 1, 7, 1
ECB_00116, 2, 9, 5
ECB_00117, 3, 11, 6
ECB_00118, 2, 1, 2
ECB_00119, 0, 2, 5
ECB_00120, 2, 5, 1
ECB_00121, 0, 2, 1
ECB_00122, 3, 3, 8
ECB_00123, 1, 12, 9
ECB_00124, 1, 1, 1
ECB_00125, 2, 4, 3
ECB_00126, 2, 3, 2
ECB_00127, 0, 2, 3
ECB_00128, 1, 2, 2
ECB_00129, 1, 6, 4
ECB_00130, 0, 1, 0
ECB_00131, 2, 2, 3
ECB_00132, 2, 2, 2
ECB_00133, 2, 2, 7
ECB_00134, 3, 8, 5
ECB_00135, 0, 2, 2
ECB_00136, 0, 2, 2
ECB_00137, 0, 3, 4
ECB_00138, 6, 18, 8
ECB_00139, 1, 2, 2
ECB_00140, 0, 2, 4
ECB_00141, 1, 2, 1
ECB_00142, 1, 4, 2
ECB_00143, 0, 2, 6
ECB_00144, 1, 1, 1
ECB_00145, 1, 5, 4
ECB_00146, 1, 5, 1
ECB_00147, 3, 14, 8
ECB_00148, 3, 17, 10
ECB_00149, 6, 9, 8
ECB_00150, 2, 1, 2
ECB_00151, 0, 3, 3
ECB_00152, 2, 6, 11
ECB_00153, 1, 6, 6
ECB_00154, 3, 7, 4
ECB_00155, 0, 1, 1
ECB_00156, 3, 3, 5
ECB_00157, 2, 1, 2
ECB_00158, 0, 2, 3
ECB_00159, 1, 6, 9
ECB_00160, 1, 6, 7
ECB_00161, 1, 10, 5
ECB_00162, 1, 1, 2
ECB_00163, 0, 3, 3
ECB_00164, 2, 4, 1
ECB_00165, 2, 14, 13
ECB_00166, 0, 8, 4
ECB_00167, 2, 3, 2
ECB_00168, 0, 3, 2
ECB_00169, 2, 0, 2
ECB_00170, 0, 2, 1
ECB_00171, 1, 2, 5
ECB_00172, 2, 3, 0
ECB_00173, 2, 5, 3
ECB_00174, 3, 7, 4
ECB_00175, 3, 13, 6
ECB_00176, 2, 2, 4
ECB_00177, 0, 2, 4
ECB_00178, 2, 4, 2
ECB_00179, 0, 3, 3
ECB_00180, 2, 9, 10
ECB_00181, 0, 1, 0
ECB_00182, 10, 13, 12
ECB_00183, 4, 2, 5
ECB_00184, 5, 5, 10
ECB_00185, 0, 3, 0
ECB_00186, 1, 4, 4
ECB_00187, 0, 0, 1
ECB_00188, 1, 0, 2
ECB_00189, 0, 1, 3
ECB_00190, 0, 1, 1
ECB_00191, 0, 1, 0
ECB_00192, 2, 5, 2
ECB_00193, 4, 3, 4
ECB_00194, 1, 1, 3
ECB_00195, 0, 2, 1
ECB_00196, 0, 5, 5
ECB_00197, 4, 4, 3
ECB_00198, 1, 3, 5
ECB_00199, 0, 2, 0
ECB_00200, 1, 6, 6
ECB_00201, 1, 4, 3
ECB_00202, 1, 6, 0
ECB_00203, 0, 5, 3
ECB_00204, 1, 2, 8
ECB_00205, 1, 5, 1
ECB_00206, 1, 2, 2
ECB_00207, 0, 3, 0
ECB_00208, 0, 0, 5
ECB_00209, 1, 5, 6
ECB_00210, 0, 2, 2
ECB_00211, 0, 3, 1
ECB_00212, 0, 0, 1
ECB_00213, 1, 12, 4
ECB_00214, 0, 3, 3
ECB_00215, 0, 0, 3
ECB_00216, 3, 10, 8
ECB_00217, 0, 1, 3
ECB_00218, 0, 2, 0
ECB_00219, 3, 6, 5
ECB_00220, 1, 1, 0
ECB_00221, 0, 2, 0
ECB_00222, 1, 5, 2
ECB_00223, 0, 1, 3
ECB_00224, 0, 6, 8
ECB_00225, 1, 2, 2
ECB_00226, 1, 5, 5
ECB_00227, 1, 0, 0
ECB_00228, 1, 1, 1
ECB_00229, 0, 3, 1
ECB_00230, 1, 0, 2
ECB_00231, 2, 3, 2
ECB_00232, 1, 8, 7
ECB_00233, 1, 3, 6
ECB_00234, 2, 6, 4
ECB_00235, 1, 1, 1
ECB_00236, 0, 2, 0
ECB_00237, 0, 1, 1
ECB_00238, 3, 2, 6
ECB_00239, 2, 2, 5
ECB_00240, 3, 3, 4
ECB_00241, 1, 0, 0
ECB_00242, 3, 5, 3
ECB_00243, 3, 6, 3
ECB_00244, 3, 5, 3
ECB_00245, 1, 3, 3
ECB_00246, 3, 1, 2
ECB_00247, 0, 0, 0
ECB_00248, 1, 3, 4
ECB_00249, 2, 8, 0
ECB_00250, 4, 16, 5
ECB_00251, 2, 2, 2
ECB_00252, 2, 2, 3
ECB_00253, 2, 4, 1
ECB_00254, 0, 3, 3
ECB_00255, 0, 1, 0
ECB_00256, 7, 24, 14
ECB_00257, 1, 2, 2
ECB_00258, 0, 4, 0
ECB_00259, 0, 1, 2
ECB_00260, 1, 6, 0
ECB_00261, 1, 4, 1
ECB_00262, 1, 2, 1
ECB_00263, 1, 1, 3
ECB_00264, 1, 4, 5
ECB_00265, 0, 0, 2
ECB_00266, 1, 6, 1
ECB_00267, 5, 5, 7
ECB_00268, 0, 6, 5
ECB_00269, 0, 2, 2
ECB_00270, 6, 9, 8
ECB_00271, 0, 9, 5
ECB_00272, 2, 4, 3
ECB_00273, 0, 2, 3
ECB_00274, 0, 3, 0
ECB_00275, 1, 1, 4
ECB_00276, 1, 13, 4
ECB_00277, 3, 4, 2
ECB_00278, 0, 6, 3
ECB_00279, 4, 9, 8
ECB_00280, 2, 2, 1
ECB_00281, 0, 4, 4
ECB_00282, 0, 1, 2
ECB_00283, 2, 2, 1
ECB_00284, 0, 3, 0
ECB_00285, 3, 12, 3
ECB_00286, 0, 7, 1
ECB_00287, 2, 5, 7
ECB_00288, 1, 5, 2
ECB_00289, 7, 15, 13
ECB_00290, 1, 3, 3
ECB_00291, 1, 5, 3
ECB_00292, 3, 3, 0
ECB_00293, 2, 4, 1
ECB_00294, 4, 1, 2
ECB_00295, 2, 6, 2
ECB_00296, 0, 4, 1
ECB_00297, 0, 3, 6
ECB_00298, 2, 19, 10
ECB_00299, 3, 4, 3
ECB_00300, 1, 8, 3
ECB_00301, 4, 8, 4
ECB_00302, 1, 3, 1
ECB_00303, 1, 3, 5
ECB_00304, 0, 2, 4
ECB_00305, 5, 3, 2
ECB_00306, 2, 6, 2
ECB_00307, 1, 7, 3
ECB_00308, 0, 4, 2
ECB_00309, 1, 4, 1
ECB_00310, 0, 2, 7
ECB_00311, 1, 2, 2
ECB_00312, 1, 2, 4
ECB_00313, 0, 1, 0
ECB_00314, 0, 2, 2
ECB_00315, 1, 5, 0
ECB_00316, 1, 10, 3
ECB_00317, 2, 0, 8
ECB_00318, 1, 3, 5
ECB_00319, 2, 4, 1
ECB_00320, 0, 1, 1
ECB_00321, 7, 5, 14
ECB_00322, 1, 3, 3
ECB_00323, 2, 6, 7
ECB_00324, 2, 6, 2
ECB_00325, 1, 8, 2
ECB_00326, 1, 3, 2
ECB_00327, 0, 0, 1
ECB_00328, 3, 8, 3
ECB_00329, 2, 2, 3
ECB_00330, 2, 6, 5
ECB_00331, 3, 4, 0
ECB_00332, 2, 6, 2
ECB_00333, 0, 5, 2
ECB_00334, 1, 2, 2
ECB_00335, 1, 3, 3
ECB_00336, 0, 1, 1
ECB_00337, 1, 2, 4
ECB_00338, 0, 2, 1
ECB_00339, 0, 0, 0
ECB_00340, 2, 2, 0
ECB_00341, 1, 1, 0
ECB_00342, 1, 9, 5
ECB_00343, 1, 4, 2
ECB_00344, 0, 5, 4
ECB_00345, 8, 15, 9
ECB_00346, 2, 5, 3
ECB_00347, 2, 3, 3
ECB_00348, 2, 8, 2
ECB_00349, 1, 7, 3
ECB_00350, 2, 9, 0
ECB_00351, 7, 8, 8
ECB_00352, 2, 0, 3
ECB_00352, 0, 0, 1
ECB_00353, 1, 7, 1
ECB_00354, 2, 6, 4
ECB_00355, 1, 3, 0
ECB_00356, 1, 10, 2
ECB_00357, 4, 5, 3
ECB_00358, 0, 1, 2
ECB_00359, 1, 1, 1
ECB_00360, 1, 4, 3
ECB_00361, 0, 5, 2
ECB_00362, 2, 4, 1
ECB_00363, 0, 3, 3
ECB_00364, 0, 4, 1
ECB_00365, 4, 4, 3
ECB_00366, 1, 1, 1
ECB_00367, 3, 5, 1
ECB_00368, 1, 14, 11
ECB_00369, 1, 6, 2
ECB_00370, 1, 0, 2
ECB_00371, 5, 5, 7
ECB_00372, 1, 3, 3
ECB_00373, 1, 4, 3
ECB_00374, 0, 2, 3
ECB_00375, 5, 6, 4
ECB_00376, 2, 1, 2
ECB_00377, 1, 2, 2
ECB_00378, 3, 0, 2
ECB_00379, 1, 2, 4
ECB_00380, 0, 0, 2
ECB_00381, 0, 4, 0
ECB_00382, 3, 6, 3
ECB_00383, 2, 0, 0
ECB_00384, 2, 9, 4
ECB_00385, 0, 4, 2
ECB_00386, 1, 1, 0
ECB_00387, 2, 4, 4
ECB_00388, 1, 1, 1
ECB_00389, 4, 7, 6
ECB_00390, 0, 6, 5
ECB_00391, 6, 15, 13
ECB_00392, 0, 0, 1
ECB_00393, 5, 6, 10
ECB_00394, 1, 1, 3
ECB_00395, 0, 3, 1
ECB_00396, 0, 2, 2
ECB_00397, 2, 6, 2
ECB_00398, 2, 5, 1
ECB_00399, 1, 1, 2
ECB_00400, 2, 5, 3
ECB_00401, 3, 9, 6
ECB_00402, 0, 0, 1
ECB_00403, 1, 5, 6
ECB_00404, 2, 2, 1
ECB_00405, 1, 3, 2
ECB_00406, 0, 0, 2
ECB_00407, 0, 1, 2
ECB_00408, 1, 6, 7
ECB_00409, 1, 4, 1
ECB_00410, 1, 2, 1
ECB_00411, 0, 0, 0
ECB_00412, 0, 1, 2
ECB_00413, 8, 18, 8
ECB_00414, 2, 7, 3
ECB_00415, 1, 5, 3
ECB_00416, 4, 15, 7
ECB_00417, 0, 1, 0
ECB_00418, 2, 1, 0
ECB_00419, 1, 0, 1
ECB_00420, 0, 4, 0
ECB_00421, 5, 12, 8
ECB_00422, 0, 2, 1
ECB_00423, 1, 5, 2
ECB_00424, 3, 14, 10
ECB_00425, 1, 3, 3
ECB_00426, 1, 3, 1
ECB_00427, 1, 6, 2
ECB_00428, 4, 4, 3
ECB_00429, 2, 9, 4
ECB_00430, 4, 6, 0
ECB_00431, 6, 9, 2
ECB_00432, 0, 3, 0
ECB_00433, 1, 4, 0
ECB_00434, 0, 1, 2
ECB_00435, 4, 10, 9
ECB_00436, 3, 5, 6
ECB_00437, 2, 8, 3
ECB_00438, 1, 3, 0
ECB_00439, 2, 1, 1
ECB_00440, 1, 6, 4
ECB_00441, 0, 3, 2
ECB_00442, 1, 2, 2
ECB_00443, 0, 2, 3
ECB_00444, 1, 6, 1
ECB_00445, 0, 4, 0
ECB_00446, 0, 2, 0
ECB_00447, 5, 13, 14
ECB_00448, 6, 12, 20
ECB_00449, 0, 1, 0
ECB_00450, 2, 3, 2
ECB_00451, 0, 1, 1
ECB_00452, 1, 2, 1
ECB_00453, 3, 6, 2
ECB_00454, 1, 7, 1
ECB_00455, 1, 4, 4
ECB_00456, 1, 0, 3
ECB_00457, 1, 14, 6
ECB_00458, 1, 5, 2
ECB_00459, 1, 5, 7
ECB_00460, 0, 1, 0
ECB_00461, 2, 9, 7
ECB_00462, 2, 9, 5
ECB_00463, 1, 12, 3
ECB_00464, 1, 6, 5
ECB_00465, 2, 4, 1
ECB_00466, 1, 7, 4
ECB_00467, 2, 4, 1
ECB_00468, 5, 5, 0
ECB_00469, 2, 2, 3
ECB_00470, 1, 4, 0
ECB_00471, 3, 9, 3
ECB_00472, 4, 8, 3
ECB_00473, 0, 4, 1
ECB_00474, 2, 3, 3
ECB_00475, 0, 1, 2
ECB_00476, 5, 10, 4
ECB_00477, 0, 3, 2
ECB_00478, 1, 0, 2
ECB_00479, 1, 5, 6
ECB_00480, 0, 4, 1
ECB_00481, 2, 2, 1
ECB_00482, 3, 15, 10
ECB_00483, 2, 6, 5
ECB_00484, 0, 1, 2
ECB_00485, 1, 2, 1
ECB_00486, 1, 5, 4
ECB_00487, 1, 0, 1
ECB_00488, 0, 0, 1
ECB_00489, 1, 2, 1
ECB_00490, 0, 2, 2
ECB_00491, 0, 1, 0
ECB_00492, 1, 2, 0
ECB_00493, 0, 1, 3
ECB_00494, 1, 4, 9
ECB_00495, 0, 3, 2
ECB_00496, 2, 4, 3
ECB_00497, 0, 5, 1
ECB_00498, 0, 1, 1
ECB_00499, 2, 2, 2
ECB_00500, 0, 1, 1
ECB_00501, 0, 0, 0
ECB_00502, 2, 2, 1
ECB_00503, 2, 3, 3
ECB_00504, 0, 3, 3
ECB_00505, 1, 2, 3
ECB_00503, 0, 1, 3
ECB_00506, 0, 1, 0
ECB_00507, 0, 1, 1
ECB_00508, 0, 3, 1
ECB_00509, 0, 2, 1
ECB_00510, 0, 3, 0
ECB_00511, 3, 7, 1
ECB_00512, 4, 12, 15
ECB_00513, 8, 5, 15
ECB_00514, 0, 0, 1
ECB_00515, 1, 1, 3
ECB_00516, 1, 0, 0
ECB_00517, 0, 1, 1
ECB_00518, 1, 4, 3
ECB_00519, 2, 5, 4
ECB_00520, 0, 3, 7
ECB_00521, 3, 6, 5
ECB_00522, 6, 18, 8
ECB_00523, 3, 10, 7
ECB_00523, 1, 1, 2
ECB_00524, 0, 0, 1
ECB_00525, 1, 7, 3
ECB_00526, 0, 0, 0
ECB_00527, 0, 6, 1
ECB_00528, 1, 3, 1
ECB_00529, 0, 3, 0
ECB_00530, 2, 5, 3
ECB_00531, 3, 3, 5
ECB_00532, 1, 5, 0
ECB_00533, 5, 5, 2
ECB_00534, 1, 1, 3
ECB_00535, 3, 4, 2
ECB_00536, 2, 15, 4
ECB_00537, 3, 6, 8
ECB_00538, 3, 8, 4
ECB_00539, 1, 6, 4
ECB_00540, 1, 1, 1
ECB_00541, 0, 0, 2
ECB_00542, 3, 11, 5
ECB_00543, 1, 3, 1
ECB_00544, 0, 3, 1
ECB_00545, 0, 3, 2
ECB_00546, 0, 1, 1
ECB_00544, 0, 0, 0
ECB_00547, 0, 0, 1
ECB_00548, 2, 5, 3
ECB_00549, 0, 3, 4
ECB_00550, 3, 10, 10
ECB_00551, 1, 5, 3
ECB_00552, 0, 1, 0
ECB_00553, 9, 20, 13
ECB_00554, 1, 4, 8
ECB_00555, 0, 5, 3
ECB_00556, 1, 3, 1
ECB_00557, 2, 3, 3
ECB_00558, 1, 8, 5
ECB_00559, 2, 3, 1
ECB_00560, 1, 3, 4
ECB_00561, 1, 9, 4
ECB_00562, 1, 3, 2
ECB_00563, 0, 3, 0
ECB_00564, 1, 3, 1
ECB_00565, 0, 2, 1
ECB_00565, 0, 6, 3
ECB_00566, 1, 0, 2
ECB_00567, 2, 6, 2
ECB_00568, 4, 7, 2
ECB_00569, 1, 3, 3
ECB_00570, 2, 2, 3
ECB_00571, 0, 0, 2
ECB_00572, 0, 1, 1
ECB_00573, 0, 3, 3
ECB_00574, 2, 1, 2
ECB_00575, 0, 7, 5
ECB_00576, 1, 0, 2
ECB_00577, 0, 13, 1
ECB_00578, 0, 2, 1
ECB_00579, 3, 5, 2
ECB_00580, 1, 4, 3
ECB_00581, 2, 2, 2
ECB_00582, 2, 2, 1
ECB_00583, 1, 5, 4
ECB_00584, 6, 4, 5
ECB_00585, 0, 0, 2
ECB_00586, 3, 6, 3
ECB_00587, 2, 1, 0
ECB_00588, 2, 1, 1
ECB_00589, 5, 7, 4
ECB_00590, 1, 3, 3
ECB_00591, 2, 5, 5
ECB_00592, 1, 1, 3
ECB_00593, 1, 3, 0
ECB_00594, 0, 1, 1
ECB_00595, 1, 2, 1
ECB_00596, 1, 0, 0
ECB_00597, 0, 0, 2
ECB_00598, 1, 3, 2
ECB_00599, 1, 4, 3
ECB_00600, 0, 0, 1
ECB_00601, 0, 6, 4
ECB_00602, 3, 8, 3
ECB_00603, 1, 3, 5
ECB_00604, 4, 16, 5
ECB_00605, 1, 2, 2
ECB_00606, 0, 3, 2
ECB_00607, 0, 4, 2
ECB_00608, 1, 2, 5
ECB_00609, 3, 6, 4
ECB_00610, 0, 4, 1
ECB_00611, 3, 11, 13
ECB_00612, 1, 5, 1
ECB_00613, 1, 4, 1
ECB_00613, 0, 2, 0
ECB_00614, 1, 2, 0
ECB_00615, 2, 5, 3
ECB_00616, 3, 7, 4
ECB_00617, 0, 5, 4
ECB_00618, 0, 3, 0
ECB_00619, 1, 2, 1
ECB_00620, 0, 4, 1
ECB_00618, 2, 4, 3
ECB_00621, 4, 7, 2
ECB_00622, 0, 3, 5
ECB_00623, 2, 5, 5
ECB_00624, 6, 8, 4
ECB_00625, 2, 11, 2
ECB_00626, 1, 3, 3
ECB_00627, 0, 2, 2
ECB_00628, 1, 8, 4
ECB_00629, 1, 6, 2
ECB_00630, 2, 3, 2
ECB_00631, 1, 5, 11
ECB_00632, 2, 3, 4
ECB_00633, 0, 7, 5
ECB_00634, 3, 5, 6
ECB_00635, 0, 6, 0
ECB_00636, 3, 10, 5
ECB_00637, 5, 9, 6
ECB_00638, 6, 3, 7
ECB_00639, 0, 1, 0
ECB_00640, 0, 2, 1
ECB_00641, 0, 2, 2
ECB_00642, 0, 1, 0
ECB_00643, 1, 5, 0
ECB_00644, 0, 4, 1
ECB_00645, 1, 13, 6
ECB_00646, 0, 1, 4
ECB_00647, 3, 2, 2
ECB_00648, 5, 3, 5
ECB_00649, 3, 7, 6
ECB_00650, 0, 1, 0
ECB_00651, 1, 5, 4
ECB_00652, 4, 17, 7
ECB_00653, 2, 3, 1
ECB_00654, 4, 6, 11
ECB_00655, 7, 7, 5
ECB_00656, 0, 2, 0
ECB_00657, 0, 0, 1
ECB_00658, 2, 11, 4
ECB_00659, 0, 1, 0
ECB_00660, 1, 6, 2
ECB_00661, 0, 4, 0
ECB_00662, 0, 3, 1
ECB_00663, 1, 1, 2
ECB_00664, 2, 1, 1
ECB_00665, 1, 1, 3
ECB_00665, 1, 6, 2
ECB_00666, 0, 4, 3
ECB_00667, 2, 3, 1
ECB_00668, 1, 6, 0
ECB_00669, 2, 7, 8
ECB_00670, 0, 1, 1
ECB_00671, 2, 0, 2
ECB_00672, 1, 3, 3
ECB_00673, 1, 5, 1
ECB_00674, 3, 2, 5
ECB_00675, 1, 3, 2
ECB_00676, 2, 8, 6
ECB_00677, 2, 3, 2
ECB_00678, 2, 10, 11
ECB_00679, 2, 1, 3
ECB_00680, 2, 9, 4
ECB_00681, 1, 0, 1
ECB_00682, 1, 1, 2
ECB_00683, 2, 12, 8
ECB_00684, 0, 2, 4
ECB_00685, 3, 11, 14
ECB_00686, 2, 5, 3
ECB_00687, 4, 3, 3
ECB_00688, 1, 2, 4
ECB_00689, 0, 4, 2
ECB_00690, 7, 7, 13
ECB_00691, 4, 14, 7
ECB_00692, 2, 6, 10
ECB_00693, 2, 5, 4
ECB_00694, 2, 0, 0
ECB_00695, 0, 2, 0
ECB_00696, 0, 4, 0
ECB_00697, 1, 8, 3
ECB_00698, 1, 1, 1
ECB_00699, 1, 7, 9
ECB_00700, 2, 2, 5
ECB_00701, 1, 2, 0
ECB_00702, 0, 5, 1
ECB_00703, 2, 4, 2
ECB_00704, 1, 2, 3
ECB_00705, 0, 5, 1
ECB_00706, 1, 3, 0
ECB_00707, 1, 16, 8
ECB_00708, 2, 0, 2
ECB_00709, 2, 7, 5
ECB_00710, 2, 6, 5
ECB_00711, 0, 8, 1
ECB_00712, 3, 4, 5
ECB_00713, 1, 8, 7
ECB_00714, 2, 2, 4
ECB_00715, 0, 0, 0
ECB_00716, 2, 5, 3
ECB_00717, 0, 5, 1
ECB_00718, 2, 8, 3
ECB_00719, 0, 3, 0
ECB_00720, 3, 2, 6
ECB_00721, 2, 6, 2
ECB_00722, 2, 11, 4
ECB_00723, 5, 9, 4
ECB_00724, 7, 9, 8
ECB_00725, 3, 6, 5
ECB_00726, 2, 6, 6
ECB_00727, 1, 2, 3
ECB_00728, 0, 1, 4
ECB_00729, 2, 2, 0
ECB_00730, 3, 3, 1
ECB_00731, 0, 0, 1
ECB_00732, 3, 0, 1
ECB_00733, 2, 6, 7
ECB_00734, 4, 5, 5
ECB_00735, 1, 3, 1
ECB_00736, 0, 3, 1
ECB_00737, 0, 5, 5
ECB_00738, 0, 9, 2
ECB_00739, 3, 5, 11
ECB_00740, 1, 2, 5
ECB_00741, 1, 4, 2
ECB_00742, 0, 5, 2
ECB_00743, 0, 5, 1
ECB_00744, 1, 2, 1
ECB_00745, 1, 5, 4
ECB_00746, 1, 2, 8
ECB_00747, 1, 7, 2
ECB_00748, 2, 6, 8
ECB_00749, 0, 4, 2
ECB_00750, 0, 2, 3
ECB_00751, 0, 0, 1
ECB_00752, 0, 1, 2
ECB_00753, 2, 1, 2
ECB_00754, 1, 2, 5
ECB_00755, 3, 11, 1
ECB_00756, 2, 11, 7
ECB_00757, 3, 3, 2
ECB_00758, 0, 2, 2
ECB_00759, 5, 4, 2
ECB_00760, 2, 4, 5
ECB_00761, 2, 8, 4
ECB_00762, 1, 2, 3
ECB_00763, 2, 3, 1
ECB_00764, 1, 8, 4
ECB_00765, 3, 4, 0
ECB_00766, 3, 17, 6
ECB_00767, 1, 5, 1
ECB_00768, 1, 1, 3
ECB_00769, 1, 2, 0
ECB_00770, 0, 3, 1
ECB_00771, 0, 2, 4
ECB_00772, 5, 8, 4
ECB_00773, 0, 0, 1
ECB_00774, 1, 5, 5
ECB_00775, 5, 11, 4
ECB_00776, 1, 3, 2
ECB_00777, 1, 0, 2
ECB_00778, 1, 1, 1
ECB_00779, 1, 2, 2
ECB_00780, 0, 4, 7
ECB_00781, 0, 0, 0
ECB_00782, 0, 5, 4
ECB_00783, 0, 0, 0
ECB_00784, 1, 2, 0
ECB_00785, 2, 7, 7
ECB_00786, 1, 2, 3
ECB_00787, 4, 8, 8
ECB_00788, 1, 6, 2
ECB_00789, 0, 6, 4
ECB_00790, 3, 12, 2
ECB_00791, 0, 4, 3
ECB_00792, 0, 6, 3
ECB_00793, 0, 3, 3
ECB_00794, 2, 6, 5
ECB_00795, 0, 4, 3
ECB_00796, 5, 7, 4
ECB_00797, 3, 7, 4
ECB_00798, 2, 4, 0
ECB_00799, 1, 2, 2
ECB_00800, 4, 7, 11
ECB_00801, 3, 5, 15
ECB_00802, 0, 4, 3
ECB_00803, 1, 2, 2
ECB_00804, 2, 6, 4
ECB_00805, 2, 2, 2
ECB_00806, 2, 4, 3
ECB_00807, 0, 1, 5
ECB_00808, 2, 1, 3
ECB_00809, 0, 8, 3
ECB_00810, 1, 3, 1
ECB_00811, 2, 2, 4
ECB_00812, 5, 6, 0
ECB_00813, 0, 2, 0
ECB_00814, 3, 2, 4
ECB_00815, 0, 1, 0
ECB_00816, 0, 0, 2
ECB_00817, 0, 3, 4
ECB_00818, 1, 1, 0
ECB_00819, 0, 0, 2
ECB_00820, 0, 0, 0
ECB_00821, 0, 1, 0
ECB_00822, 0, 2, 1
ECB_00823, 0, 1, 0
ECB_00824, 1, 4, 2
ECB_00825, 3, 12, 10
ECB_00826, 1, 1, 0
ECB_00827, 1, 1, 1
ECB_00828, 1, 3, 3
ECB_00829, 0, 0, 1
ECB_00830, 1, 4, 6
ECB_00831, 2, 3, 2
ECB_00832, 2, 5, 4
ECB_00833, 3, 6, 7
ECB_00834, 2, 2, 3
ECB_00835, 1, 0, 2
ECB_00836, 0, 3, 1
ECB_00837, 1, 2, 1
ECB_00838, 0, 3, 4
ECB_00839, 1, 2, 2
ECB_00840, 0, 5, 4
ECB_00841, 0, 4, 2
ECB_00842, 1, 0, 1
ECB_00843, 2, 0, 2
ECB_00844, 3, 2, 1
ECB_00845, 2, 9, 2
ECB_00846, 0, 1, 2
ECB_00847, 0, 0, 2
ECB_00848, 0, 3, 1
ECB_00849, 0, 1, 0
ECB_00850, 1, 4, 4
ECB_00851, 0, 2, 3
ECB_00852, 3, 7, 9
ECB_00853, 0, 1, 0
ECB_00854, 0, 1, 1
ECB_00855, 3, 1, 0
ECB_00856, 1, 3, 3
ECB_00857, 5, 5, 3
ECB_00858, 0, 2, 2
ECB_00859, 1, 4, 4
ECB_00860, 4, 4, 5
ECB_00861, 0, 11, 2
ECB_00862, 2, 7, 4
ECB_00863, 1, 0, 0
ECB_00864, 3, 5, 3
ECB_00865, 1, 1, 2
ECB_00866, 1, 4, 0
ECB_00867, 0, 4, 3
ECB_00868, 0, 2, 3
ECB_00869, 0, 1, 6
ECB_00870, 1, 1, 4
ECB_00871, 0, 2, 1
ECB_00872, 3, 3, 3
ECB_00873, 0, 6, 3
ECB_00874, 4, 12, 5
ECB_00875, 2, 7, 3
ECB_00876, 3, 7, 4
ECB_00877, 1, 4, 3
ECB_00878, 1, 6, 4
ECB_00879, 1, 4, 6
ECB_00880, 0, 2, 3
ECB_00881, 3, 4, 3
ECB_00882, 4, 4, 6
ECB_00883, 1, 6, 4
ECB_00884, 1, 9, 3
ECB_00885, 0, 0, 0
ECB_00886, 0, 3, 3
ECB_00887, 2, 10, 9
ECB_00888, 0, 0, 0
ECB_00889, 2, 3, 1
ECB_00890, 1, 13, 5
ECB_00891, 3, 3, 4
ECB_00892, 0, 0, 1
ECB_00893, 1, 1, 0
ECB_00894, 7, 16, 12
ECB_00895, 1, 1, 3
ECB_00896, 4, 7, 6
ECB_00897, 4, 6, 3
ECB_00898, 2, 7, 14
ECB_00899, 0, 2, 0
ECB_00900, 2, 1, 5
ECB_00901, 0, 3, 3
ECB_00902, 1, 3, 6
ECB_00903, 2, 5, 6
ECB_00904, 2, 8, 4
ECB_00905, 1, 1, 1
ECB_00906, 1, 2, 1
ECB_00907, 1, 13, 9
ECB_00908, 0, 4, 1
ECB_00909, 0, 11, 6
ECB_00910, 3, 6, 2
ECB_00911, 0, 7, 5
ECB_00912, 0, 6, 4
ECB_00913, 1, 4, 2
ECB_00914, 1, 0, 1
ECB_00915, 1, 6, 5
ECB_00916, 0, 3, 1
ECB_00917, 4, 9, 3
ECB_00918, 4, 3, 6
ECB_00919, 0, 8, 2
ECB_00920, 1, 7, 2
ECB_00921, 0, 0, 0
ECB_00922, 0, 2, 2
ECB_00923, 2, 3, 3
ECB_00924, 0, 2, 2
ECB_00925, 2, 7, 6
ECB_00926, 2, 3, 6
ECB_00927, 3, 4, 0
ECB_00928, 3, 20, 9
ECB_00929, 4, 9, 4
ECB_00930, 0, 2, 4
ECB_00931, 1, 3, 2
ECB_00932, 4, 1, 3
ECB_00933, 0, 6, 2
ECB_00934, 2, 5, 1
ECB_00935, 1, 9, 6
ECB_00936, 3, 9, 6
ECB_00937, 1, 3, 4
ECB_00938, 0, 6, 3
ECB_00939, 3, 6, 4
ECB_00940, 1, 7, 4
ECB_00941, 3, 4, 1
ECB_00942, 0, 1, 3
ECB_00943, 0, 4, 2
ECB_00944, 2, 15, 7
ECB_00945, 0, 6, 3
ECB_00946, 2, 1, 6
ECB_00947, 0, 3, 2
ECB_00948, 0, 7, 1
ECB_00949, 4, 3, 2
ECB_00950, 1, 5, 1
ECB_00951, 2, 4, 1
ECB_00952, 2, 11, 6
ECB_00953, 4, 11, 3
ECB_00954, 1, 6, 4
ECB_00955, 2, 8, 7
ECB_00956, 3, 1, 0
ECB_00957, 0, 0, 1
ECB_00958, 0, 2, 1
ECB_00959, 2, 10, 4
ECB_00960, 0, 4, 2
ECB_00961, 1, 3, 5
ECB_00962, 0, 2, 4
ECB_00963, 0, 3, 4
ECB_00964, 0, 12, 6
ECB_00965, 0, 0, 0
ECB_00966, 2, 11, 8
ECB_00967, 0, 3, 2
ECB_00968, 0, 4, 1
ECB_00969, 0, 0, 1
ECB_00970, 0, 1, 1
ECB_00971, 3, 0, 4
ECB_00972, 0, 0, 1
ECB_00973, 1, 4, 0
ECB_00974, 0, 4, 5
ECB_00975, 0, 5, 5
ECB_00976, 1, 4, 8
ECB_00977, 1, 1, 1
ECB_00978, 3, 2, 0
ECB_00979, 1, 2, 0
ECB_00980, 2, 4, 1
ECB_00981, 1, 12, 4
ECB_00982, 2, 4, 9
ECB_00983, 0, 4, 3
ECB_00984, 5, 9, 10
ECB_00985, 1, 1, 0
ECB_00986, 1, 6, 1
ECB_00987, 1, 6, 8
ECB_00988, 0, 3, 4
ECB_00989, 2, 7, 4
ECB_00990, 0, 1, 0
ECB_00991, 1, 2, 0
ECB_00992, 0, 3, 2
ECB_00993, 0, 1, 1
ECB_00994, 0, 1, 0
ECB_00995, 2, 3, 3
ECB_00996, 4, 9, 8
ECB_00997, 5, 5, 2
ECB_00998, 3, 3, 1
ECB_00999, 1, 8, 5
ECB_01000, 3, 13, 6
ECB_01001, 1, 3, 2
ECB_01002, 1, 2, 2
ECB_01003, 0, 2, 2
ECB_01004, 0, 8, 5
ECB_01005, 2, 9, 7
ECB_01006, 0, 1, 0
ECB_01007, 1, 4, 4
ECB_01008, 2, 1, 0
ECB_01009, 2, 8, 7
ECB_01010, 0, 2, 1
ECB_01011, 0, 5, 1
ECB_01012, 0, 1, 1
ECB_01013, 1, 2, 1
ECB_01014, 0, 2, 1
ECB_01015, 2, 5, 2
ECB_01016, 2, 6, 1
ECB_01017, 4, 15, 14
ECB_01018, 1, 8, 3
ECB_01019, 1, 3, 1
ECB_01020, 2, 5, 5
ECB_01021, 1, 5, 5
ECB_01022, 1, 3, 4
ECB_01023, 2, 0, 0
ECB_01024, 0, 5, 2
ECB_01025, 6, 9, 6
ECB_01026, 6, 6, 5
ECB_01027, 1, 9, 3
ECB_01028, 0, 5, 3
ECB_01029, 0, 1, 1
ECB_01030, 1, 5, 6
ECB_01031, 2, 3, 3
ECB_01032, 1, 6, 0
ECB_01033, 1, 3, 1
ECB_01034, 0, 3, 1
ECB_01035, 0, 2, 0
ECB_01036, 1, 2, 1
ECB_01037, 3, 1, 2
ECB_01038, 0, 2, 2
ECB_01039, 0, 2, 1
ECB_01040, 0, 0, 0
ECB_01041, 1, 1, 3
ECB_01042, 1, 0, 4
ECB_01043, 0, 7, 4
ECB_01044, 3, 3, 5
ECB_01045, 2, 5, 5
ECB_01046, 4, 13, 9
ECB_01047, 0, 0, 0
ECB_01048, 0, 1, 0
ECB_01049, 0, 4, 0
ECB_01050, 3, 3, 2
ECB_01051, 4, 6, 6
ECB_01052, 4, 3, 0
ECB_01053, 0, 2, 2
ECB_01054, 1, 0, 1
ECB_01055, 3, 6, 3
ECB_01056, 2, 0, 0
ECB_01057, 0, 1, 1
ECB_01058, 2, 10, 2
ECB_01059, 0, 4, 5
ECB_01060, 0, 4, 3
ECB_01061, 1, 10, 7
ECB_01062, 0, 5, 6
ECB_01063, 1, 1, 3
ECB_01064, 1, 7, 2
ECB_01065, 4, 8, 4
ECB_01066, 0, 0, 0
ECB_01067, 0, 3, 1
ECB_01068, 1, 5, 2
ECB_01069, 0, 2, 3
ECB_01070, 0, 1, 1
ECB_01071, 2, 2, 2
ECB_01072, 1, 10, 4
ECB_01073, 1, 4, 0
ECB_01074, 2, 4, 1
ECB_01075, 0, 2, 2
ECB_01076, 2, 7, 4
ECB_01077, 1, 4, 3
ECB_01078, 1, 10, 2
ECB_01079, 0, 5, 1
ECB_01080, 3, 22, 5
ECB_01081, 0, 2, 0
ECB_01082, 1, 2, 1
ECB_01083, 1, 3, 2
ECB_01084, 0, 5, 3
ECB_01085, 0, 1, 0
ECB_01086, 1, 2, 2
ECB_01087, 1, 11, 2
ECB_01088, 2, 5, 4
ECB_01089, 2, 0, 1
ECB_01090, 2, 1, 1
ECB_01091, 1, 6, 5
ECB_01092, 2, 6, 2
ECB_01093, 1, 3, 6
ECB_01094, 2, 2, 1
ECB_01095, 0, 4, 5
ECB_01096, 1, 5, 1
ECB_01097, 0, 7, 6
ECB_01098, 2, 10, 16
ECB_01099, 1, 2, 0
ECB_01100, 0, 1, 3
ECB_01101, 1, 1, 1
ECB_01102, 0, 1, 1
ECB_01103, 1, 7, 2
ECB_01104, 1, 2, 1
ECB_01105, 1, 5, 5
ECB_01106, 0, 3, 1
ECB_01107, 0, 1, 2
ECB_01108, 2, 0, 1
ECB_01109, 2, 6, 5
ECB_01110, 8, 18, 12
ECB_01111, 2, 7, 4
ECB_01112, 1, 9, 4
ECB_01113, 1, 0, 2
ECB_01114, 4, 9, 4
ECB_01115, 1, 3, 1
ECB_01116, 0, 1, 3
ECB_01117, 0, 2, 2
ECB_01115, 0, 2, 3
ECB_01118, 3, 6, 2
ECB_01119, 3, 2, 4
ECB_01120, 1, 5, 2
ECB_01121, 2, 5, 4
ECB_01122, 1, 3, 1
ECB_01123, 0, 4, 4
ECB_01124, 1, 6, 3
ECB_01125, 1, 5, 2
ECB_01126, 1, 5, 1
ECB_01127, 3, 4, 4
ECB_01128, 0, 4, 3
ECB_01129, 1, 5, 4
ECB_01130, 0, 5, 2
ECB_01131, 1, 5, 3
ECB_01132, 3, 0, 0
ECB_01133, 1, 3, 4
ECB_01134, 2, 5, 8
ECB_01135, 2, 1, 1
ECB_01136, 0, 3, 2
ECB_01137, 1, 1, 3
ECB_01138, 3, 5, 4
ECB_01139, 0, 1, 3
ECB_01140, 2, 1, 2
ECB_01141, 1, 1, 0
ECB_01142, 2, 2, 0
ECB_01143, 3, 6, 2
ECB_01144, 2, 4, 2
ECB_01145, 4, 18, 9
ECB_01145, 0, 2, 0
ECB_01145, 3, 4, 3
ECB_01146, 2, 2, 2
ECB_01147, 1, 0, 0
ECB_01148, 1, 2, 1
ECB_01149, 0, 1, 1
ECB_01150, 0, 4, 3
ECB_01151, 1, 4, 1
ECB_01152, 1, 3, 3
ECB_01153, 2, 1, 0
ECB_01154, 1, 1, 1
ECB_01155, 0, 4, 3
ECB_01156, 2, 1, 3
ECB_01157, 0, 3, 1
ECB_01157, 0, 2, 1
ECB_01158, 0, 0, 1
ECB_01159, 1, 2, 7
ECB_01160, 0, 2, 2
ECB_01161, 1, 6, 2
ECB_01162, 1, 2, 2
ECB_01163, 2, 5, 5
ECB_01164, 3, 6, 3
ECB_01165, 1, 4, 5
ECB_01166, 1, 9, 6
ECB_01167, 2, 7, 3
ECB_01168, 2, 1, 2
ECB_01169, 0, 1, 1
ECB_01170, 0, 1, 1
ECB_01171, 1, 2, 1
ECB_01172, 2, 7, 6
ECB_01173, 0, 8, 4
ECB_01174, 1, 1, 3
ECB_01175, 2, 6, 5
ECB_01176, 5, 8, 6
ECB_01177, 4, 7, 13
ECB_01178, 1, 4, 2
ECB_01179, 1, 2, 2
ECB_01180, 0, 1, 0
ECB_01181, 5, 11, 2
ECB_01182, 2, 7, 3
ECB_01183, 3, 1, 3
ECB_01184, 1, 4, 3
ECB_01185, 1, 6, 5
ECB_01186, 1, 3, 4
ECB_01187, 1, 6, 5
ECB_01188, 0, 3, 0
ECB_01189, 1, 5, 2
ECB_01190, 3, 4, 2
ECB_01191, 0, 2, 0
ECB_01192, 1, 0, 0
ECB_01193, 0, 0, 0
ECB_01194, 1, 5, 6
ECB_01195, 0, 1, 2
ECB_01196, 2, 6, 3
ECB_01197, 0, 3, 0
ECB_01198, 2, 12, 5
ECB_01199, 0, 1, 2
ECB_01200, 5, 6, 11
ECB_01201, 2, 8, 8
ECB_01202, 2, 14, 14
ECB_01203, 0, 6, 4
ECB_01204, 1, 2, 2
ECB_01205, 0, 5, 4
ECB_01206, 3, 0, 2
ECB_01207, 0, 0, 1
ECB_01208, 0, 6, 1
ECB_01209, 0, 3, 2
ECB_01210, 0, 5, 5
ECB_01211, 1, 2, 5
ECB_01212, 3, 6, 5
ECB_01213, 0, 3, 1
ECB_01214, 0, 2, 4
ECB_01215, 3, 10, 9
ECB_01216, 0, 1, 5
ECB_01217, 3, 9, 10
ECB_01218, 0, 3, 5
ECB_01219, 3, 6, 3
ECB_01220, 1, 1, 3
ECB_01221, 4, 2, 4
ECB_01222, 3, 1, 1
ECB_01223, 2, 5, 7
ECB_01224, 2, 5, 5
ECB_01225, 0, 0, 2
ECB_01226, 3, 4, 2
ECB_01227, 0, 3, 0
ECB_01228, 1, 3, 2
ECB_01229, 1, 4, 3
ECB_01230, 0, 1, 3
ECB_01231, 2, 0, 2
ECB_01232, 1, 2, 1
ECB_01233, 0, 0, 3
ECB_01234, 1, 6, 3
ECB_01235, 3, 9, 5
ECB_01236, 4, 2, 2
ECB_01237, 3, 8, 6
ECB_01238, 3, 10, 3
ECB_01239, 0, 0, 0
ECB_01240, 2, 6, 3
ECB_01241, 1, 5, 1
ECB_01242, 1, 3, 1
ECB_01243, 0, 3, 0
ECB_01244, 0, 4, 2
ECB_01242, 4, 5, 6
ECB_01245, 3, 4, 4
ECB_01246, 1, 2, 3
ECB_01247, 0, 3, 5
ECB_01248, 1, 4, 4
ECB_01249, 0, 1, 0
ECB_01250, 2, 8, 4
ECB_01251, 2, 5, 5
ECB_01252, 0, 2, 1
ECB_01252, 0, 2, 0
ECB_01253, 7, 12, 16
ECB_01254, 1, 4, 1
ECB_01255, 0, 3, 1
ECB_01256, 1, 1, 2
ECB_01257, 3, 6, 4
ECB_01258, 1, 4, 3
ECB_01259, 1, 2, 0
ECB_01260, 0, 1, 1
ECB_01261, 0, 3, 5
ECB_01262, 6, 6, 9
ECB_01263, 3, 7, 4
ECB_01264, 2, 2, 3
ECB_01265, 3, 4, 5
ECB_01266, 1, 2, 1
ECB_01267, 1, 1, 4
ECB_01268, 1, 6, 1
ECB_01269, 0, 2, 0
ECB_01270, 0, 7, 2
ECB_01271, 6, 9, 4
ECB_01272, 0, 0, 0
ECB_01273, 3, 3, 6
ECB_01274, 6, 10, 4
ECB_01275, 0, 6, 2
ECB_01276, 3, 4, 2
ECB_01277, 3, 6, 4
ECB_01278, 1, 7, 6
ECB_01279, 0, 6, 5
ECB_01280, 2, 1, 4
ECB_01281, 2, 5, 2
ECB_01282, 0, 2, 2
ECB_01283, 3, 2, 4
ECB_01284, 0, 0, 1
ECB_01285, 0, 2, 0
ECB_01286, 3, 9, 6
ECB_01287, 2, 8, 4
ECB_01288, 1, 3, 2
ECB_01289, 2, 6, 1
ECB_01290, 1, 3, 3
ECB_01291, 0, 1, 3
ECB_01292, 1, 4, 3
ECB_01293, 2, 10, 9
ECB_01294, 1, 2, 1
ECB_01295, 3, 5, 3
ECB_01296, 2, 4, 6
ECB_01297, 2, 2, 7
ECB_01298, 4, 10, 3
ECB_01299, 0, 7, 3
ECB_01300, 1, 7, 2
ECB_01301, 1, 1, 4
ECB_01302, 2, 10, 1
ECB_01303, 1, 2, 1
ECB_01304, 0, 0, 2
ECB_01305, 1, 4, 1
ECB_01306, 1, 6, 4
ECB_01307, 1, 3, 2
ECB_01308, 3, 7, 6
ECB_01309, 0, 1, 0
ECB_01310, 1, 4, 2
ECB_01311, 1, 3, 4
ECB_01312, 2, 1, 2
ECB_01313, 5, 5, 7
ECB_01314, 3, 5, 4
ECB_01315, 3, 6, 7
ECB_01316, 0, 4, 4
ECB_01317, 0, 1, 0
ECB_01318, 2, 10, 7
ECB_01319, 2, 2, 6
ECB_01320, 1, 8, 2
ECB_01321, 0, 6, 4
ECB_01322, 3, 4, 2
ECB_01323, 0, 0, 0
ECB_01324, 2, 1, 0
ECB_01325, 1, 2, 1
ECB_01326, 2, 6, 3
ECB_01327, 2, 13, 9
ECB_01328, 0, 4, 0
ECB_01329, 1, 0, 0
ECB_01330, 1, 1, 1
ECB_01331, 2, 0, 3
ECB_01332, 0, 0, 0
ECB_01333, 0, 2, 0
ECB_01334, 0, 1, 1
ECB_01335, 1, 2, 1
ECB_01336, 1, 0, 0
ECB_01337, 0, 0, 1
ECB_01338, 0, 1, 0
ECB_01339, 4, 5, 7
ECB_01340, 0, 0, 1
ECB_01341, 5, 6, 2
ECB_01342, 6, 13, 8
ECB_01343, 1, 2, 1
ECB_01344, 0, 0, 1
ECB_01345, 2, 1, 1
ECB_01346, 1, 3, 0
ECB_01347, 0, 1, 2
ECB_01348, 0, 9, 4
ECB_01349, 8, 19, 12
ECB_01350, 3, 0, 0
ECB_01351, 1, 3, 1
ECB_01352, 3, 8, 3
ECB_01353, 8, 12, 7
ECB_01354, 0, 2, 0
ECB_01355, 1, 5, 0
ECB_01356, 2, 5, 6
ECB_01357, 3, 9, 3
ECB_01358, 0, 7, 6
ECB_01359, 0, 2, 2
ECB_01360, 2, 3, 2
ECB_01361, 3, 2, 1
ECB_01362, 0, 16, 8
ECB_01363, 1, 1, 2
ECB_01364, 3, 5, 0
ECB_01365, 1, 9, 7
ECB_01366, 1, 7, 4
ECB_01367, 0, 3, 2
ECB_01368, 8, 16, 13
ECB_01369, 2, 4, 1
ECB_01370, 2, 3, 4
ECB_01371, 1, 4, 4
ECB_01372, 1, 1, 0
ECB_01373, 1, 1, 1
ECB_01374, 0, 2, 0
ECB_01375, 1, 0, 1
ECB_01376, 0, 2, 1
ECB_01377, 0, 2, 0
ECB_01378, 5, 11, 6
ECB_01379, 4, 7, 2
ECB_01380, 2, 15, 5
ECB_01381, 2, 5, 1
ECB_01382, 0, 1, 0
ECB_01383, 0, 1, 2
ECB_01384, 0, 3, 3
ECB_01385, 2, 4, 9
ECB_01386, 1, 1, 4
ECB_01387, 1, 2, 1
ECB_01388, 2, 5, 1
ECB_01389, 0, 1, 0
ECB_01389, 0, 3, 1
ECB_01390, 1, 9, 0
ECB_01391, 2, 1, 4
ECB_01392, 2, 1, 3
ECB_01393, 1, 10, 6
ECB_01394, 0, 2, 3
ECB_01395, 0, 3, 0
ECB_01396, 4, 5, 3
ECB_01397, 1, 13, 4
ECB_01398, 2, 6, 1
ECB_01399, 2, 4, 2
ECB_01400, 4, 6, 1
ECB_01401, 3, 12, 4
ECB_01402, 0, 1, 1
ECB_01403, 0, 0, 0
ECB_01404, 0, 1, 3
ECB_01405, 1, 0, 0
ECB_01406, 1, 2, 6
ECB_01407, 1, 1, 4
ECB_01408, 1, 13, 9
ECB_01409, 1, 7, 2
ECB_01410, 1, 5, 3
ECB_01411, 1, 5, 2
ECB_01412, 0, 3, 2
ECB_01413, 2, 12, 10
ECB_01414, 9, 20, 23
ECB_01415, 1, 2, 0
ECB_01416, 1, 4, 2
ECB_01417, 0, 0, 2
ECB_01418, 2, 7, 3
ECB_01419, 0, 1, 0
ECB_01420, 0, 7, 4
ECB_01421, 1, 4, 3
ECB_01422, 0, 0, 0
ECB_01422, 2, 0, 3
ECB_01423, 1, 6, 3
ECB_01424, 1, 1, 0
ECB_01425, 1, 5, 6
ECB_01426, 7, 14, 14
ECB_01427, 3, 8, 4
ECB_01428, 3, 0, 0
ECB_01429, 2, 4, 7
ECB_01430, 1, 3, 1
ECB_01431, 2, 3, 3
ECB_01432, 4, 16, 12
ECB_01433, 0, 8, 5
ECB_01434, 0, 1, 1
ECB_01435, 0, 1, 1
ECB_01436, 1, 1, 1
ECB_01437, 2, 6, 3
ECB_01438, 1, 1, 1
ECB_01439, 0, 1, 0
ECB_01440, 0, 4, 2
ECB_01441, 1, 6, 4
ECB_01442, 1, 4, 4
ECB_01443, 0, 2, 4
ECB_01444, 8, 2, 1
ECB_01445, 1, 11, 10
ECB_01446, 1, 2, 1
ECB_01447, 4, 11, 4
ECB_01448, 1, 3, 3
ECB_01449, 2, 4, 4
ECB_01450, 2, 7, 4
ECB_01451, 3, 1, 4
ECB_01452, 0, 9, 11
ECB_01453, 3, 17, 7
ECB_01454, 2, 2, 11
ECB_01455, 3, 13, 9
ECB_01456, 2, 8, 6
ECB_01457, 2, 1, 2
ECB_01458, 0, 0, 0
ECB_01459, 2, 15, 8
ECB_01460, 3, 2, 4
ECB_01461, 0, 3, 1
ECB_01462, 2, 4, 0
ECB_01463, 2, 4, 5
ECB_01464, 1, 3, 5
ECB_01465, 1, 0, 3
ECB_01466, 0, 0, 1
ECB_01467, 1, 1, 1
ECB_01468, 1, 0, 2
ECB_01469, 2, 4, 6
ECB_01470, 0, 1, 2
ECB_01471, 3, 7, 4
ECB_01472, 1, 5, 1
ECB_01473, 1, 3, 3
ECB_01474, 0, 1, 0
ECB_01475, 0, 1, 1
ECB_01476, 1, 2, 1
ECB_01477, 1, 4, 1
ECB_01478, 4, 5, 5
ECB_01479, 1, 3, 2
ECB_01480, 0, 2, 1
ECB_01481, 0, 2, 3
ECB_01482, 5, 8, 3
ECB_01483, 0, 3, 7
ECB_01484, 1, 6, 3
ECB_01485, 2, 3, 5
ECB_01486, 1, 2, 5
ECB_01487, 0, 1, 1
ECB_01488, 0, 2, 3
ECB_01489, 0, 2, 0
ECB_01490, 1, 4, 1
ECB_01491, 0, 0, 2
ECB_01492, 0, 0, 2
ECB_01493, 2, 2, 3
ECB_01494, 2, 6, 1
ECB_01495, 1, 2, 0
ECB_01496, 1, 1, 2
ECB_01497, 2, 16, 5
ECB_01498, 3, 1, 2
ECB_01499, 1, 0, 2
ECB_01500, 0, 2, 0
ECB_01501, 2, 5, 6
ECB_01502, 1, 10, 6
ECB_01503, 0, 2, 1
ECB_01504, 3, 5, 2
ECB_01505, 1, 0, 1
ECB_01506, 0, 1, 6
ECB_01507, 0, 2, 2
ECB_01508, 2, 5, 11
ECB_01509, 2, 4, 0
ECB_01510, 1, 4, 4
ECB_01511, 0, 1, 1
ECB_01512, 1, 3, 1
ECB_01513, 0, 0, 0
ECB_01514, 2, 2, 0
ECB_01515, 0, 0, 1
ECB_01516, 1, 2, 0
ECB_01517, 1, 2, 0
ECB_01518, 2, 3, 0
ECB_01519, 0, 1, 5
ECB_01520, 0, 3, 0
ECB_01521, 0, 0, 0
ECB_01522, 0, 4, 3
ECB_01523, 3, 4, 3
ECB_01524, 2, 0, 1
ECB_01525, 2, 5, 4
ECB_01526, 1, 0, 2
ECB_01527, 1, 0, 1
ECB_01528, 1, 1, 2
ECB_01529, 1, 4, 3
ECB_01530, 2, 1, 1
ECB_01531, 0, 0, 0
ECB_01532, 0, 0, 0
ECB_01533, 0, 1, 0
ECB_01534, 1, 4, 1
ECB_01535, 1, 3, 1
ECB_01536, 0, 9, 9
ECB_01537, 0, 3, 1
ECB_01538, 1, 0, 2
ECB_01539, 1, 2, 0
ECB_01540, 1, 1, 0
ECB_01541, 1, 1, 1
ECB_01542, 0, 3, 2
ECB_01543, 0, 1, 1
ECB_01544, 0, 1, 0
ECB_01545, 6, 22, 13
ECB_01546, 0, 1, 0
ECB_01547, 1, 6, 5
ECB_01547, 1, 2, 1
ECB_01548, 0, 0, 1
ECB_01549, 0, 8, 6
ECB_01550, 2, 7, 6
ECB_01551, 0, 0, 1
ECB_01552, 1, 1, 0
ECB_01553, 1, 2, 4
ECB_01554, 2, 2, 3
ECB_01555, 0, 2, 1
ECB_01556, 3, 7, 10
ECB_01557, 2, 7, 9
ECB_01558, 1, 0, 4
ECB_01559, 2, 3, 2
ECB_01560, 3, 2, 0
ECB_01561, 1, 3, 4
ECB_01562, 1, 4, 5
ECB_01563, 2, 6, 5
ECB_01564, 2, 3, 3
ECB_01565, 1, 6, 1
ECB_01566, 1, 1, 3
ECB_01567, 1, 4, 1
ECB_01568, 0, 2, 0
ECB_01569, 0, 2, 0
ECB_01570, 1, 5, 5
ECB_01571, 4, 5, 5
ECB_01572, 1, 4, 2
ECB_01573, 0, 6, 3
ECB_01574, 3, 7, 6
ECB_01575, 0, 1, 0
ECB_01576, 0, 2, 0
ECB_01577, 0, 0, 4
ECB_01578, 1, 5, 6
ECB_01579, 1, 6, 2
ECB_01580, 3, 6, 3
ECB_01581, 3, 10, 7
ECB_01582, 3, 6, 5
ECB_01583, 1, 3, 11
ECB_01584, 2, 4, 3
ECB_01585, 3, 9, 2
ECB_01586, 2, 11, 4
ECB_01587, 3, 2, 0
ECB_01588, 1, 8, 4
ECB_01589, 1, 4, 5
ECB_01590, 1, 10, 6
ECB_01591, 0, 5, 5
ECB_01592, 1, 5, 6
ECB_01593, 3, 6, 3
ECB_01594, 1, 0, 0
ECB_01595, 0, 1, 0
ECB_01596, 1, 2, 0
ECB_01597, 0, 2, 1
ECB_01598, 2, 3, 2
ECB_01599, 4, 13, 3
ECB_01600, 5, 9, 4
ECB_01601, 1, 2, 2
ECB_01602, 2, 1, 0
ECB_01603, 0, 2, 1
ECB_01604, 2, 7, 9
ECB_01605, 1, 3, 2
ECB_01606, 1, 5, 5
ECB_01607, 0, 4, 6
ECB_01608, 1, 2, 3
ECB_01609, 1, 6, 0
ECB_01610, 1, 4, 2
ECB_01611, 0, 1, 2
ECB_01612, 2, 3, 1
ECB_01613, 0, 1, 0
ECB_01614, 0, 9, 4
ECB_01615, 6, 5, 6
ECB_01616, 0, 0, 1
ECB_01617, 1, 4, 2
ECB_01618, 2, 3, 2
ECB_01619, 0, 0, 2
ECB_01620, 1, 4, 6
ECB_01621, 0, 2, 2
ECB_01622, 1, 1, 2
ECB_01623, 10, 26, 15
ECB_01624, 0, 1, 0
ECB_01625, 1, 3, 8
ECB_01626, 0, 4, 4
ECB_01627, 0, 3, 3
ECB_01627, 1, 5, 3
ECB_01628, 0, 1, 0
ECB_01629, 1, 5, 1
ECB_01630, 1, 5, 2
ECB_01631, 5, 5, 1
ECB_01632, 2, 10, 2
ECB_01633, 2, 4, 4
ECB_01634, 2, 7, 9
ECB_01635, 1, 4, 3
ECB_01636, 0, 0, 2
ECB_01637, 2, 10, 7
ECB_01638, 2, 5, 1
ECB_01639, 2, 1, 3
ECB_01640, 0, 3, 2
ECB_01641, 1, 4, 3
ECB_01642, 5, 8, 9
ECB_01643, 1, 2, 3
ECB_01644, 1, 2, 0
ECB_01645, 1, 10, 5
ECB_01646, 0, 2, 1
ECB_01647, 1, 4, 2
ECB_01648, 1, 1, 4
ECB_01649, 2, 3, 4
ECB_01650, 4, 8, 6
ECB_01651, 1, 1, 3
ECB_01652, 3, 9, 5
ECB_01653, 2, 1, 1
ECB_01654, 1, 1, 0
ECB_01655, 2, 0, 1
ECB_01656, 4, 13, 18
ECB_01657, 1, 3, 0
ECB_01658, 1, 2, 4
ECB_01659, 3, 0, 0
ECB_01659, 0, 3, 2
ECB_01660, 0, 6, 6
ECB_01661, 1, 1, 4
ECB_01662, 1, 1, 4
ECB_01663, 4, 11, 7
ECB_01664, 4, 5, 6
ECB_01665, 2, 8, 2
ECB_01666, 2, 0, 6
ECB_01667, 1, 2, 4
ECB_01668, 2, 6, 5
ECB_01669, 0, 1, 1
ECB_01670, 0, 5, 6
ECB_01671, 4, 13, 8
ECB_01672, 3, 3, 5
ECB_01673, 2, 7, 0
ECB_01674, 0, 0, 0
ECB_01675, 1, 7, 3
ECB_01676, 1, 4, 0
ECB_01677, 1, 2, 2
ECB_01678, 0, 2, 5
ECB_01679, 0, 0, 3
ECB_01680, 2, 4, 2
ECB_01681, 0, 1, 0
ECB_01682, 4, 13, 7
ECB_01683, 2, 4, 8
ECB_01684, 0, 0, 0
ECB_01685, 1, 0, 0
ECB_01686, 0, 0, 0
ECB_01687, 1, 0, 0
ECB_01688, 1, 10, 10
ECB_01689, 1, 0, 1
ECB_01689, 6, 6, 10
ECB_01690, 0, 0, 1
ECB_01691, 2, 3, 4
ECB_01692, 3, 9, 3
ECB_01693, 1, 1, 1
ECB_01694, 0, 6, 4
ECB_01695, 2, 1, 1
ECB_01696, 2, 6, 1
ECB_01697, 1, 4, 3
ECB_01698, 4, 4, 6
ECB_01699, 0, 3, 5
ECB_01700, 0, 4, 0
ECB_01701, 6, 18, 6
ECB_01702, 2, 4, 0
ECB_01703, 3, 6, 4
ECB_01704, 1, 1, 3
ECB_01705, 0, 1, 1
ECB_01706, 2, 7, 5
ECB_01707, 1, 1, 1
ECB_01708, 0, 2, 1
ECB_01709, 0, 3, 1
ECB_01710, 3, 0, 4
ECB_01711, 2, 1, 3
ECB_01712, 0, 2, 1
ECB_01713, 1, 7, 5
ECB_01714, 1, 11, 2
ECB_01715, 1, 6, 5
ECB_01716, 1, 5, 2
ECB_01717, 1, 4, 3
ECB_01718, 1, 3, 0
ECB_01719, 1, 3, 1
ECB_01720, 0, 0, 0
ECB_01720, 2, 3, 2
ECB_01721, 0, 2, 0
ECB_01722, 2, 2, 1
ECB_01723, 3, 6, 1
ECB_01724, 2, 6, 3
ECB_01725, 0, 1, 2
ECB_01726, 2, 8, 10
ECB_01727, 1, 3, 1
ECB_01728, 1, 3, 1
ECB_01729, 1, 0, 0
ECB_01730, 2, 5, 7
ECB_01731, 1, 3, 7
ECB_01732, 1, 10, 8
ECB_01733, 2, 3, 4
ECB_01734, 1, 2, 2
ECB_01735, 2, 10, 11
ECB_01736, 2, 4, 5
ECB_01737, 0, 3, 0
ECB_01738, 3, 9, 11
ECB_01739, 1, 4, 5
ECB_01740, 0, 8, 2
ECB_01741, 0, 6, 4
ECB_01742, 1, 3, 0
ECB_01743, 4, 9, 2
ECB_01744, 1, 10, 5
ECB_01745, 0, 10, 4
ECB_01746, 1, 0, 1
ECB_01747, 1, 0, 2
ECB_01748, 3, 1, 3
ECB_01749, 0, 6, 1
ECB_01750, 0, 5, 1
ECB_01751, 0, 8, 0
ECB_01752, 3, 3, 5
ECB_01753, 1, 7, 4
ECB_01754, 4, 5, 4
ECB_01755, 4, 6, 5
ECB_01756, 0, 3, 1
ECB_01757, 0, 1, 1
ECB_01758, 1, 3, 1
ECB_01759, 3, 7, 2
ECB_01760, 1, 11, 4
ECB_01761, 1, 3, 0
ECB_01762, 2, 2, 0
ECB_01763, 3, 6, 6
ECB_01764, 0, 1, 1
ECB_01765, 1, 0, 1
ECB_01766, 0, 2, 0
ECB_01767, 1, 3, 5
ECB_01768, 2, 2, 3
ECB_01769, 2, 5, 2
ECB_01770, 3, 7, 3
ECB_01771, 4, 5, 3
ECB_01772, 2, 5, 4
ECB_01773, 1, 2, 3
ECB_01774, 1, 5, 4
ECB_01775, 5, 9, 10
ECB_01776, 0, 2, 0
ECB_01777, 0, 2, 2
ECB_01778, 7, 14, 4
ECB_01779, 1, 3, 1
ECB_01780, 0, 4, 1
ECB_01781, 0, 0, 0
ECB_01782, 0, 5, 4
ECB_01783, 1, 6, 2
ECB_01784, 2, 4, 4
ECB_01785, 3, 7, 6
ECB_01786, 0, 8, 5
ECB_01787, 0, 4, 4
ECB_01788, 1, 3, 2
ECB_01789, 1, 4, 7
ECB_01790, 0, 3, 3
ECB_01791, 2, 2, 3
ECB_01792, 1, 4, 2
ECB_01793, 0, 0, 0
ECB_01794, 0, 1, 3
ECB_01795, 1, 2, 0
ECB_01796, 0, 2, 1
ECB_01797, 0, 1, 0
ECB_01798, 1, 5, 3
ECB_01799, 4, 5, 7
ECB_01800, 1, 10, 4
ECB_01801, 3, 4, 7
ECB_01802, 0, 2, 5
ECB_01803, 0, 1, 0
ECB_01804, 4, 3, 2
ECB_01805, 4, 6, 7
ECB_01806, 2, 3, 3
ECB_01807, 0, 1, 1
ECB_01808, 0, 0, 0
ECB_01809, 2, 1, 1
ECB_01810, 0, 0, 1
ECB_01811, 0, 7, 2
ECB_01812, 0, 2, 0
ECB_01813, 0, 0, 1
ECB_01814, 0, 4, 3
ECB_01815, 2, 5, 1
ECB_01816, 7, 12, 7
ECB_01817, 0, 6, 4
ECB_01818, 1, 2, 0
ECB_01819, 2, 2, 1
ECB_01820, 1, 6, 5
ECB_01821, 0, 0, 4
ECB_01822, 2, 11, 7
ECB_01823, 1, 6, 3
ECB_01824, 0, 3, 5
ECB_01825, 0, 4, 3
ECB_01826, 1, 3, 1
ECB_01827, 1, 6, 7
ECB_01828, 0, 5, 5
ECB_01829, 2, 1, 2
ECB_01830, 0, 3, 5
ECB_01831, 1, 5, 2
ECB_01832, 0, 2, 2
ECB_01833, 1, 2, 2
ECB_01834, 0, 2, 2
ECB_01835, 0, 0, 2
ECB_01836, 1, 1, 1
ECB_01837, 4, 14, 4
ECB_01838, 1, 2, 1
ECB_01839, 0, 5, 3
ECB_01840, 0, 0, 0
ECB_01841, 2, 6, 0
ECB_01842, 1, 6, 2
ECB_01843, 6, 10, 7
ECB_01844, 0, 7, 3
ECB_01845, 0, 3, 1
ECB_01846, 1, 0, 1
ECB_01847, 4, 7, 7
ECB_01848, 2, 3, 1
ECB_01849, 1, 2, 1
ECB_01850, 2, 9, 8
ECB_01851, 1, 6, 3
ECB_01852, 0, 2, 0
ECB_01853, 1, 4, 1
ECB_01854, 1, 1, 2
ECB_01855, 0, 6, 1
ECB_01856, 1, 4, 6
ECB_01857, 1, 9, 2
ECB_01858, 0, 1, 1
ECB_01859, 2, 3, 4
ECB_01860, 2, 3, 0
ECB_01861, 0, 4, 1
ECB_01862, 0, 4, 3
ECB_01863, 0, 3, 4
ECB_01864, 0, 2, 1
ECB_01865, 3, 5, 8
ECB_01866, 1, 3, 2
ECB_01867, 1, 7, 4
ECB_01868, 0, 4, 4
ECB_01869, 0, 5, 3
ECB_01870, 0, 6, 1
ECB_01871, 1, 3, 2
ECB_01872, 0, 1, 2
ECB_01873, 4, 1, 0
ECB_01874, 2, 2, 1
ECB_01875, 3, 3, 5
ECB_01876, 1, 1, 1
ECB_01877, 0, 3, 2
ECB_01878, 2, 11, 6
ECB_01879, 2, 2, 1
ECB_01880, 0, 0, 0
ECB_01881, 0, 1, 2
ECB_01882, 1, 4, 1
ECB_01883, 1, 8, 11
ECB_01884, 0, 3, 1
ECB_01885, 0, 1, 1
ECB_01886, 1, 3, 2
ECB_01887, 2, 6, 1
ECB_01888, 0, 2, 6
ECB_01889, 0, 0, 2
ECB_01890, 0, 2, 2
ECB_01891, 14, 28, 20
ECB_01892, 0, 1, 3
ECB_01892, 4, 2, 5
ECB_01893, 1, 5, 6
ECB_01894, 3, 4, 5
ECB_01895, 0, 2, 4
ECB_01896, 2, 7, 8
ECB_01897, 3, 5, 5
ECB_01898, 1, 8, 3
ECB_01899, 0, 3, 3
ECB_01900, 1, 0, 4
ECB_01901, 4, 3, 4
ECB_01902, 0, 2, 1
ECB_01903, 0, 1, 2
ECB_01904, 4, 3, 3
ECB_01905, 1, 1, 0
ECB_01906, 0, 3, 0
ECB_01907, 1, 1, 1
ECB_01908, 1, 0, 0
ECB_01909, 0, 1, 0
ECB_01910, 0, 3, 2
ECB_01911, 1, 6, 1
ECB_01912, 1, 3, 1
ECB_01913, 1, 6, 3
ECB_01914, 4, 11, 4
ECB_01915, 0, 0, 0
ECB_01916, 1, 4, 4
ECB_01917, 1, 4, 2
ECB_01918, 2, 3, 1
ECB_01919, 1, 3, 2
ECB_01920, 0, 0, 0
ECB_01921, 4, 4, 2
ECB_01922, 2, 3, 2
ECB_01923, 1, 9, 2
ECB_01924, 2, 4, 3
ECB_01925, 0, 2, 0
ECB_01926, 2, 4, 2
ECB_01927, 2, 5, 1
ECB_01928, 3, 5, 0
ECB_01929, 1, 7, 2
ECB_01930, 2, 7, 3
ECB_01931, 0, 9, 7
ECB_01932, 2, 7, 4
ECB_01933, 2, 4, 3
ECB_01934, 0, 3, 3
ECB_01935, 1, 1, 2
ECB_01936, 2, 4, 4
ECB_01937, 0, 11, 7
ECB_01938, 0, 6, 4
ECB_01939, 0, 4, 4
ECB_01940, 1, 3, 1
ECB_01941, 0, 1, 1
ECB_01942, 2, 4, 7
ECB_01943, 3, 8, 7
ECB_01944, 3, 3, 2
ECB_01945, 1, 4, 2
ECB_01946, 0, 4, 4
ECB_01947, 2, 9, 2
ECB_01948, 0, 3, 5
ECB_01949, 0, 6, 5
ECB_01950, 2, 5, 3
ECB_01951, 1, 5, 4
ECB_01952, 1, 9, 5
ECB_01953, 2, 4, 3
ECB_01954, 1, 4, 3
ECB_01955, 3, 2, 4
ECB_01956, 1, 6, 3
ECB_01957, 1, 3, 0
ECB_01958, 1, 7, 1
ECB_01959, 1, 4, 5
ECB_01960, 1, 4, 3
ECB_01961, 1, 5, 2
ECB_01962, 0, 10, 4
ECB_01963, 1, 5, 7
ECB_01964, 1, 4, 2
ECB_01965, 3, 5, 0
ECB_01966, 2, 11, 8
ECB_01967, 1, 2, 0
ECB_01968, 2, 9, 4
ECB_01969, 3, 7, 4
ECB_01970, 5, 10, 4
ECB_01971, 2, 2, 1
ECB_01972, 1, 3, 3
ECB_01973, 3, 19, 13
ECB_01974, 1, 4, 1
ECB_01975, 3, 7, 10
ECB_01976, 3, 8, 3
ECB_01977, 3, 6, 4
ECB_01978, 1, 3, 3
ECB_01979, 4, 3, 7
ECB_01980, 6, 8, 5
ECB_01981, 5, 20, 8
ECB_01982, 2, 4, 5
ECB_01983, 2, 9, 4
ECB_01984, 0, 0, 2
ECB_01985, 0, 0, 1
ECB_01986, 0, 6, 4
ECB_01987, 0, 1, 1
ECB_01988, 1, 6, 5
ECB_01989, 4, 3, 5
ECB_01990, 0, 2, 0
ECB_01991, 0, 0, 0
ECB_01992, 0, 2, 1
ECB_01993, 2, 5, 5
ECB_01994, 8, 9, 8
ECB_01995, 0, 1, 0
ECB_01996, 4, 4, 1
ECB_01997, 0, 3, 2
ECB_01998, 0, 4, 1
ECB_01999, 1, 5, 3
ECB_02000, 1, 5, 3
ECB_02001, 2, 5, 2
ECB_02002, 0, 1, 2
ECB_02003, 2, 8, 4
ECB_02004, 4, 12, 6
ECB_02005, 1, 2, 1
ECB_02006, 0, 1, 0
ECB_02007, 0, 0, 0
ECB_02008, 0, 1, 0
ECB_02009, 1, 1, 1
ECB_02010, 0, 4, 0
ECB_02011, 1, 2, 0
ECB_02012, 0, 2, 3
ECB_02013, 0, 1, 0
ECB_02014, 0, 1, 2
ECB_02015, 1, 4, 7
ECB_02016, 0, 4, 1
ECB_02017, 0, 11, 3
ECB_02018, 1, 3, 5
ECB_02019, 0, 0, 1
ECB_02020, 3, 2, 0
ECB_02021, 0, 0, 1
ECB_02022, 0, 1, 0
ECB_02023, 1, 1, 4
ECB_02021, 2, 2, 3
ECB_02024, 0, 1, 4
ECB_02025, 0, 4, 5
ECB_02026, 3, 6, 5
ECB_02027, 0, 2, 0
ECB_02028, 2, 5, 3
ECB_02029, 2, 6, 4
ECB_02030, 1, 6, 4
ECB_02031, 0, 6, 1
ECB_02032, 6, 1, 1
ECB_02033, 0, 0, 4
ECB_02034, 0, 2, 2
ECB_02035, 2, 1, 0
ECB_02036, 1, 0, 2
ECB_02037, 0, 4, 2
ECB_02038, 0, 1, 0
ECB_02039, 1, 1, 0
ECB_02040, 1, 5, 3
ECB_02041, 0, 1, 1
ECB_02042, 0, 0, 0
ECB_02043, 2, 7, 6
ECB_02044, 5, 3, 7
ECB_02045, 8, 8, 16
ECB_02046, 10, 17, 12
ECB_02047, 3, 4, 0
ECB_02048, 2, 4, 3
ECB_02049, 3, 17, 4
ECB_02050, 2, 1, 3
ECB_02051, 3, 12, 5
ECB_02052, 1, 2, 3
ECB_02053, 2, 2, 1
ECB_02054, 0, 2, 1
ECB_02055, 6, 4, 4
ECB_02056, 0, 3, 2
ECB_02057, 0, 1, 1
ECB_02058, 0, 1, 1
ECB_02059, 2, 8, 2
ECB_02060, 1, 5, 3
ECB_02061, 3, 7, 2
ECB_02062, 3, 7, 13
ECB_02063, 3, 11, 3
ECB_02064, 1, 6, 6
ECB_02065, 1, 2, 4
ECB_02066, 1, 2, 2
ECB_02067, 1, 2, 2
ECB_02068, 1, 3, 1
ECB_02069, 1, 4, 1
ECB_02070, 0, 2, 0
ECB_02071, 1, 2, 1
ECB_02072, 3, 2, 5
ECB_02073, 1, 0, 3
ECB_02074, 1, 0, 1
ECB_02075, 2, 6, 6
ECB_02076, 1, 10, 2
ECB_02077, 3, 4, 5
ECB_02078, 1, 4, 4
ECB_02079, 1, 10, 5
ECB_02080, 1, 5, 3
ECB_02081, 3, 5, 4
ECB_02082, 2, 6, 0
ECB_02083, 0, 4, 4
ECB_02084, 0, 8, 6
ECB_02085, 0, 4, 3
ECB_02086, 1, 0, 6
ECB_02087, 2, 5, 3
ECB_02088, 2, 2, 2
ECB_02089, 2, 3, 8
ECB_02090, 0, 6, 1
ECB_02091, 0, 5, 3
ECB_02092, 3, 1, 1
ECB_02093, 1, 5, 7
ECB_02094, 1, 4, 2
ECB_02095, 1, 6, 5
ECB_02096, 3, 6, 3
ECB_02097, 0, 1, 0
ECB_02098, 2, 6, 7
ECB_02099, 0, 3, 3
ECB_02100, 0, 1, 1
ECB_02101, 1, 4, 1
ECB_02102, 0, 3, 3
ECB_02103, 1, 3, 1
ECB_02104, 1, 4, 2
ECB_02105, 0, 2, 2
ECB_02106, 7, 4, 3
ECB_02107, 2, 8, 7
ECB_02108, 2, 3, 4
ECB_02109, 4, 5, 3
ECB_02110, 3, 11, 8
ECB_02111, 2, 2, 2
ECB_02112, 5, 5, 3
ECB_02113, 3, 5, 4
ECB_02114, 2, 2, 7
ECB_02115, 0, 2, 0
ECB_02116, 0, 3, 4
ECB_02117, 0, 0, 1
ECB_02118, 3, 8, 10
ECB_02119, 1, 13, 10
ECB_02120, 0, 2, 3
ECB_02121, 3, 2, 1
ECB_02122, 0, 3, 3
ECB_02123, 2, 8, 7
ECB_02124, 1, 2, 1
ECB_02125, 1, 1, 0
ECB_02126, 0, 7, 2
ECB_02127, 2, 7, 2
ECB_02128, 1, 3, 1
ECB_02129, 0, 2, 1
ECB_02130, 1, 2, 1
ECB_02131, 3, 1, 3
ECB_02132, 1, 4, 3
ECB_02133, 3, 12, 5
ECB_02134, 0, 1, 1
ECB_02135, 0, 1, 3
ECB_02136, 1, 4, 2
ECB_02137, 3, 5, 6
ECB_02138, 3, 9, 5
ECB_02139, 1, 3, 1
ECB_02140, 3, 5, 7
ECB_02141, 0, 5, 2
ECB_02142, 3, 3, 4
ECB_02143, 1, 4, 4
ECB_02144, 1, 3, 2
ECB_02145, 2, 20, 4
ECB_02146, 5, 9, 3
ECB_02147, 2, 10, 2
ECB_02148, 1, 4, 1
ECB_02149, 0, 3, 2
ECB_02150, 5, 6, 3
ECB_02151, 2, 7, 6
ECB_02152, 2, 1, 2
ECB_02153, 4, 5, 7
ECB_02154, 7, 20, 8
ECB_02155, 0, 6, 1
ECB_02156, 1, 4, 5
ECB_02157, 2, 6, 9
ECB_02158, 2, 6, 1
ECB_02159, 6, 17, 19
ECB_02160, 4, 10, 6
ECB_02161, 5, 8, 2
ECB_02162, 0, 0, 2
ECB_02163, 3, 4, 1
ECB_02164, 0, 0, 0
ECB_02165, 2, 6, 4
ECB_02166, 3, 9, 8
ECB_02167, 2, 3, 6
ECB_02168, 0, 6, 1
ECB_02169, 2, 2, 1
ECB_02170, 2, 4, 3
ECB_02171, 3, 3, 1
ECB_02172, 3, 4, 8
ECB_02173, 3, 10, 3
ECB_02174, 0, 3, 3
ECB_02175, 2, 8, 5
ECB_02176, 0, 2, 1
ECB_02177, 0, 1, 2
ECB_02178, 2, 7, 3
ECB_02179, 3, 4, 6
ECB_02180, 4, 5, 2
ECB_02181, 5, 8, 8
ECB_02182, 1, 13, 3
ECB_02183, 0, 5, 5
ECB_02184, 1, 1, 1
ECB_02185, 3, 1, 1
ECB_02186, 0, 2, 0
ECB_02187, 4, 6, 3
ECB_02188, 3, 7, 2
ECB_02189, 1, 6, 6
ECB_02190, 1, 1, 4
ECB_02191, 0, 8, 6
ECB_02192, 0, 7, 3
ECB_02193, 0, 6, 0
ECB_02194, 1, 0, 1
ECB_02195, 0, 4, 2
ECB_02196, 0, 5, 4
ECB_02197, 1, 4, 0
ECB_02197, 1, 2, 1
ECB_02198, 1, 3, 3
ECB_02199, 1, 2, 1
ECB_02200, 1, 3, 5
ECB_02201, 1, 10, 2
ECB_02202, 0, 6, 6
ECB_02203, 3, 7, 8
ECB_02204, 1, 0, 4
ECB_02205, 0, 3, 2
ECB_02206, 1, 3, 5
ECB_02207, 2, 8, 0
ECB_02208, 4, 17, 10
ECB_02209, 2, 4, 2
ECB_02210, 1, 1, 2
ECB_02211, 3, 6, 5
ECB_02212, 1, 3, 1
ECB_02213, 0, 3, 1
ECB_02214, 1, 6, 4
ECB_02215, 2, 3, 4
ECB_02216, 1, 3, 3
ECB_02217, 2, 7, 5
ECB_02218, 1, 2, 0
ECB_02219, 0, 2, 2
ECB_02220, 2, 1, 1
ECB_02221, 2, 2, 5
ECB_02222, 4, 10, 5
ECB_02223, 1, 9, 4
ECB_02224, 0, 2, 3
ECB_02225, 2, 3, 5
ECB_02226, 4, 7, 2
ECB_02227, 1, 5, 0
ECB_02228, 0, 0, 1
ECB_02229, 3, 2, 2
ECB_02230, 4, 0, 3
ECB_02231, 1, 5, 2
ECB_02232, 0, 0, 4
ECB_02233, 2, 4, 2
ECB_02234, 2, 3, 3
ECB_02235, 0, 1, 4
ECB_02236, 0, 1, 3
ECB_02237, 2, 8, 8
ECB_02238, 2, 6, 1
ECB_02239, 1, 3, 2
ECB_02240, 0, 4, 4
ECB_02241, 2, 5, 3
ECB_02242, 1, 4, 1
ECB_02243, 1, 2, 2
ECB_02244, 0, 3, 3
ECB_02245, 0, 5, 0
ECB_02246, 2, 5, 5
ECB_02247, 3, 3, 3
ECB_02248, 2, 2, 4
ECB_02249, 5, 11, 8
ECB_02250, 1, 0, 2
ECB_02251, 1, 3, 0
ECB_02252, 2, 4, 1
ECB_02253, 2, 5, 3
ECB_02254, 1, 2, 2
ECB_02255, 1, 6, 3
ECB_02256, 2, 2, 2
ECB_02257, 1, 3, 3
ECB_02258, 1, 3, 1
ECB_02259, 1, 4, 2
ECB_02260, 0, 4, 1
ECB_02261, 1, 3, 3
ECB_02262, 3, 12, 16
ECB_02263, 4, 4, 5
ECB_02264, 1, 2, 1
ECB_02265, 5, 10, 11
ECB_02266, 4, 6, 9
ECB_02267, 0, 0, 2
ECB_02268, 3, 5, 1
ECB_02269, 0, 1, 1
ECB_02269, 2, 2, 3
ECB_02270, 0, 4, 2
ECB_02271, 0, 1, 2
ECB_02269, 1, 2, 1
ECB_02272, 1, 1, 1
ECB_02273, 3, 4, 1
ECB_02274, 0, 1, 5
ECB_02275, 2, 8, 9
ECB_02276, 0, 9, 3
ECB_02277, 1, 3, 2
ECB_02278, 3, 7, 4
ECB_02279, 0, 4, 2
ECB_02280, 5, 16, 15
ECB_02281, 3, 3, 3
ECB_02282, 1, 5, 4
ECB_02283, 3, 8, 5
ECB_02284, 2, 5, 6
ECB_02285, 0, 5, 3
ECB_02286, 1, 2, 1
ECB_02287, 1, 1, 1
ECB_02288, 0, 4, 3
ECB_02289, 3, 5, 2
ECB_02290, 3, 5, 4
ECB_02291, 0, 4, 1
ECB_02292, 1, 4, 3
ECB_02293, 3, 15, 5
ECB_02294, 0, 9, 1
ECB_02295, 2, 4, 4
ECB_02296, 4, 4, 0
ECB_02297, 0, 0, 1
ECB_02298, 1, 5, 2
ECB_02299, 1, 2, 2
ECB_02300, 2, 3, 1
ECB_02301, 2, 6, 8
ECB_02302, 1, 6, 2
ECB_02303, 3, 11, 10
ECB_02304, 0, 1, 1
ECB_02305, 0, 0, 1
ECB_02306, 2, 7, 4
ECB_02307, 0, 2, 0
ECB_02308, 2, 2, 3
ECB_02309, 0, 5, 4
ECB_02310, 1, 1, 1
ECB_02311, 4, 10, 6
ECB_02312, 1, 3, 3
ECB_02313, 0, 4, 2
ECB_02314, 4, 4, 3
ECB_02315, 1, 0, 1
ECB_02316, 1, 9, 8
ECB_02317, 2, 2, 2
ECB_02318, 0, 6, 1
ECB_02319, 1, 1, 0
ECB_02320, 1, 2, 4
ECB_02321, 1, 7, 3
ECB_02322, 2, 8, 5
ECB_02323, 0, 0, 1
ECB_02324, 2, 5, 8
ECB_02325, 0, 4, 5
ECB_02326, 2, 5, 3
ECB_02327, 1, 5, 1
ECB_02328, 1, 4, 4
ECB_02329, 3, 7, 4
ECB_02330, 0, 0, 1
ECB_02331, 3, 3, 2
ECB_02332, 0, 4, 2
ECB_02333, 0, 2, 3
ECB_02334, 1, 3, 1
ECB_02335, 1, 6, 1
ECB_02336, 0, 9, 2
ECB_02337, 5, 3, 2
ECB_02338, 1, 3, 0
ECB_02339, 1, 4, 3
ECB_02340, 1, 1, 8
ECB_02341, 2, 11, 2
ECB_02342, 4, 8, 3
ECB_02343, 3, 5, 1
ECB_02344, 0, 6, 1
ECB_02345, 2, 4, 2
ECB_02346, 2, 5, 6
ECB_02347, 1, 0, 1
ECB_02348, 0, 2, 0
ECB_02349, 1, 10, 3
ECB_02350, 2, 6, 2
ECB_02351, 2, 2, 0
ECB_02352, 1, 3, 2
ECB_02353, 0, 2, 2
ECB_02354, 3, 11, 9
ECB_02355, 2, 6, 6
ECB_02356, 3, 9, 4
ECB_02357, 2, 4, 2
ECB_02358, 0, 1, 3
ECB_02359, 4, 10, 4
ECB_02360, 3, 7, 3
ECB_02361, 4, 9, 13
ECB_02362, 0, 0, 1
ECB_02363, 1, 4, 3
ECB_02364, 0, 1, 1
ECB_02365, 1, 1, 2
ECB_02366, 2, 5, 10
ECB_02367, 1, 2, 3
ECB_02368, 2, 3, 2
ECB_02369, 2, 6, 5
ECB_02370, 2, 4, 2
ECB_02371, 1, 3, 1
ECB_02372, 2, 0, 2
ECB_02373, 0, 2, 1
ECB_02374, 2, 9, 9
ECB_02375, 0, 2, 0
ECB_02375, 1, 6, 3
ECB_02376, 0, 8, 4
ECB_02377, 2, 4, 2
ECB_02378, 1, 12, 2
ECB_02379, 2, 6, 4
ECB_02380, 1, 1, 3
ECB_02381, 1, 2, 2
ECB_02382, 1, 2, 2
ECB_02383, 5, 9, 7
ECB_02384, 1, 4, 4
ECB_02385, 1, 2, 4
ECB_02386, 3, 5, 5
ECB_02387, 0, 1, 2
ECB_02388, 0, 2, 0
ECB_02389, 4, 9, 5
ECB_02390, 0, 4, 2
ECB_02391, 1, 9, 2
ECB_02392, 2, 3, 1
ECB_02393, 4, 14, 6
ECB_02394, 0, 10, 5
ECB_02395, 4, 11, 16
ECB_02396, 0, 1, 2
ECB_02397, 0, 3, 5
ECB_02398, 1, 4, 1
ECB_02399, 1, 8, 9
ECB_02400, 1, 12, 3
ECB_02401, 1, 15, 6
ECB_02402, 0, 0, 0
ECB_02403, 2, 5, 7
ECB_02404, 1, 1, 2
ECB_02405, 1, 0, 1
ECB_02406, 3, 3, 2
ECB_02407, 2, 4, 5
ECB_02408, 1, 4, 1
ECB_02409, 1, 6, 5
ECB_02410, 0, 2, 2
ECB_02411, 6, 10, 4
ECB_02412, 8, 28, 10
ECB_02413, 1, 5, 1
ECB_02414, 1, 2, 2
ECB_02415, 1, 5, 3
ECB_02416, 0, 1, 1
ECB_02417, 0, 2, 1
ECB_02418, 2, 13, 5
ECB_02419, 2, 3, 0
ECB_02420, 1, 0, 3
ECB_02421, 0, 2, 0
ECB_02422, 4, 3, 5
ECB_02423, 1, 7, 5
ECB_02424, 2, 3, 2
ECB_02425, 0, 3, 2
ECB_02426, 2, 2, 2
ECB_02427, 2, 5, 3
ECB_02428, 1, 6, 2
ECB_02429, 3, 2, 2
ECB_02430, 1, 6, 10
ECB_02431, 2, 5, 0
ECB_02432, 0, 3, 1
ECB_02433, 3, 1, 2
ECB_02434, 2, 4, 2
ECB_02435, 3, 5, 1
ECB_02436, 1, 7, 8
ECB_02437, 2, 6, 3
ECB_02438, 1, 7, 3
ECB_02439, 2, 9, 3
ECB_02440, 1, 4, 2
ECB_02441, 7, 21, 6
ECB_02442, 1, 7, 6
ECB_02443, 2, 4, 2
ECB_02444, 2, 4, 8
ECB_02445, 1, 1, 0
ECB_02446, 1, 4, 1
ECB_02447, 1, 3, 2
ECB_02448, 5, 8, 5
ECB_02449, 3, 14, 7
ECB_02450, 0, 5, 9
ECB_02451, 1, 1, 1
ECB_02452, 1, 4, 1
ECB_02450, 0, 0, 0
ECB_02453, 1, 2, 2
ECB_02454, 0, 3, 4
ECB_02455, 0, 4, 2
ECB_02456, 0, 1, 2
ECB_02457, 0, 0, 1
ECB_02458, 1, 6, 4
ECB_02459, 1, 3, 2
ECB_02460, 2, 3, 2
ECB_02461, 0, 2, 4
ECB_02462, 0, 4, 2
ECB_02463, 3, 12, 7
ECB_02464, 0, 2, 1
ECB_02465, 0, 4, 2
ECB_02466, 1, 3, 4
ECB_02467, 1, 1, 2
ECB_02468, 1, 8, 3
ECB_02469, 2, 2, 3
ECB_02470, 1, 3, 5
ECB_02471, 3, 3, 1
ECB_02472, 0, 4, 2
ECB_02473, 1, 1, 0
ECB_02474, 1, 2, 2
ECB_02475, 2, 2, 5
ECB_02476, 0, 2, 2
ECB_02477, 1, 2, 1
ECB_02478, 4, 14, 3
ECB_02479, 2, 4, 3
ECB_02480, 0, 2, 1
ECB_02481, 2, 6, 6
ECB_02482, 3, 9, 10
ECB_02483, 1, 0, 0
ECB_02484, 2, 9, 5
ECB_02485, 1, 2, 2
ECB_02486, 1, 0, 1
ECB_02487, 0, 0, 0
ECB_02488, 0, 6, 5
ECB_02489, 1, 3, 2
ECB_02490, 1, 4, 5
ECB_02491, 1, 2, 2
ECB_02492, 0, 2, 1
ECB_02493, 3, 3, 4
ECB_02494, 1, 3, 1
ECB_02495, 2, 1, 2
ECB_02496, 0, 2, 2
ECB_02497, 1, 4, 0
ECB_02498, 0, 1, 1
ECB_02499, 1, 6, 3
ECB_02500, 1, 4, 4
ECB_02501, 0, 2, 8
ECB_02502, 0, 1, 6
ECB_02503, 2, 4, 1
ECB_02504, 3, 8, 4
ECB_02505, 0, 1, 0
ECB_02506, 0, 1, 1
ECB_02507, 1, 1, 1
ECB_02508, 0, 3, 3
ECB_02509, 2, 2, 4
ECB_02510, 5, 13, 12
ECB_02511, 4, 2, 4
ECB_02512, 0, 5, 2
ECB_02513, 0, 0, 2
ECB_02514, 1, 0, 1
ECB_02515, 1, 6, 2
ECB_02516, 2, 2, 6
ECB_02517, 3, 6, 8
ECB_02518, 4, 5, 5
ECB_02519, 0, 2, 5
ECB_02520, 1, 1, 3
ECB_02521, 1, 2, 3
ECB_02522, 1, 1, 1
ECB_02523, 2, 0, 0
ECB_02524, 0, 3, 3
ECB_02525, 0, 1, 0
ECB_02526, 0, 2, 1
ECB_02527, 0, 4, 3
ECB_02528, 1, 2, 0
ECB_02529, 0, 2, 0
ECB_02530, 0, 2, 0
ECB_02531, 3, 11, 12
ECB_02532, 0, 3, 0
ECB_02533, 1, 0, 5
ECB_02534, 3, 6, 2
ECB_02535, 2, 4, 1
ECB_02536, 0, 3, 4
ECB_02537, 1, 7, 2
ECB_02538, 0, 1, 2
ECB_02539, 0, 1, 4
ECB_02540, 0, 5, 5
ECB_02541, 1, 8, 4
ECB_02542, 2, 0, 0
ECB_02543, 3, 7, 7
ECB_02544, 0, 4, 0
ECB_02545, 4, 4, 0
ECB_02546, 0, 1, 0
ECB_02547, 4, 15, 7
ECB_02548, 0, 2, 3
ECB_02549, 3, 8, 3
ECB_02550, 2, 1, 1
ECB_02551, 0, 3, 0
ECB_02552, 2, 2, 1
ECB_02553, 2, 2, 1
ECB_02554, 0, 2, 1
ECB_02555, 2, 2, 1
ECB_02556, 1, 3, 1
ECB_02557, 0, 4, 1
ECB_02558, 1, 2, 6
ECB_02559, 1, 5, 2
ECB_02560, 2, 8, 8
ECB_02561, 1, 8, 3
ECB_02562, 3, 7, 9
ECB_02563, 1, 2, 4
ECB_02564, 3, 12, 4
ECB_02565, 0, 7, 5
ECB_02566, 1, 8, 1
ECB_02567, 0, 0, 2
ECB_02568, 1, 5, 1
ECB_02569, 2, 4, 5
ECB_02570, 2, 4, 2
ECB_02571, 2, 7, 4
ECB_02572, 2, 4, 2
ECB_02573, 1, 8, 4
ECB_02574, 2, 1, 1
ECB_02575, 1, 2, 2
ECB_02576, 0, 2, 3
ECB_02577, 0, 3, 1
ECB_02578, 0, 0, 2
ECB_02579, 1, 5, 6
ECB_02580, 2, 2, 0
ECB_02581, 4, 10, 4
ECB_02582, 2, 0, 1
ECB_02583, 4, 14, 14
ECB_02584, 0, 4, 3
ECB_02585, 2, 4, 4
ECB_02586, 1, 6, 1
ECB_02587, 4, 11, 2
ECB_02588, 2, 4, 1
ECB_02589, 1, 5, 4
ECB_02590, 3, 7, 4
ECB_02591, 2, 3, 3
ECB_02592, 3, 5, 6
ECB_02593, 2, 4, 3
ECB_02594, 0, 5, 3
ECB_02595, 0, 3, 3
ECB_02596, 1, 4, 0
ECB_02597, 1, 7, 3
ECB_02598, 1, 1, 1
ECB_02599, 2, 2, 1
ECB_02600, 0, 4, 1
ECB_02601, 1, 4, 2
ECB_02602, 3, 2, 1
ECB_02603, 1, 3, 4
ECB_02604, 1, 2, 2
ECB_02605, 0, 9, 5
ECB_02606, 0, 0, 2
ECB_02607, 2, 5, 1
ECB_02608, 2, 7, 8
ECB_02609, 0, 8, 4
ECB_02610, 1, 2, 1
ECB_02611, 0, 9, 1
ECB_02612, 0, 0, 1
ECB_02613, 3, 1, 5
ECB_02614, 1, 5, 3
ECB_02615, 0, 6, 4
ECB_02616, 0, 4, 2
ECB_02617, 4, 7, 5
ECB_02618, 0, 3, 2
ECB_02619, 2, 7, 4
ECB_02620, 3, 8, 6
ECB_02621, 2, 3, 1
ECB_02622, 1, 3, 2
ECB_02623, 2, 3, 5
ECB_02624, 2, 9, 5
ECB_02625, 3, 9, 3
ECB_02626, 0, 2, 2
ECB_02627, 0, 1, 2
ECB_02628, 0, 1, 0
ECB_02629, 5, 7, 7
ECB_02630, 1, 4, 4
ECB_02631, 4, 18, 9
ECB_02632, 1, 6, 3
ECB_02633, 2, 7, 3
ECB_02634, 2, 9, 4
ECB_02635, 0, 5, 1
ECB_02636, 2, 4, 1
ECB_02637, 2, 1, 2
ECB_02638, 1, 3, 2
ECB_02639, 0, 4, 4
ECB_02640, 1, 14, 8
ECB_02641, 1, 7, 7
ECB_02642, 1, 7, 2
ECB_02643, 0, 2, 2
ECB_02644, 1, 6, 4
ECB_02645, 1, 0, 2
ECB_02646, 2, 4, 1
ECB_02647, 0, 1, 1
ECB_02645, 2, 2, 2
ECB_02648, 0, 4, 3
ECB_02649, 0, 4, 5
ECB_02650, 3, 3, 5
ECB_02651, 3, 3, 2
ECB_02652, 4, 6, 4
ECB_02653, 3, 9, 2
ECB_02654, 2, 6, 6
ECB_02655, 1, 5, 1
ECB_02656, 0, 1, 1
ECB_02657, 0, 7, 1
ECB_02658, 0, 2, 0
ECB_02659, 0, 3, 5
ECB_02660, 1, 2, 2
ECB_02661, 3, 6, 3
ECB_02662, 1, 4, 1
ECB_02663, 2, 4, 6
ECB_02664, 3, 3, 4
ECB_02665, 3, 5, 4
ECB_02666, 1, 11, 0
ECB_02667, 4, 11, 5
ECB_02668, 6, 17, 19
ECB_02669, 6, 11, 9
ECB_02670, 6, 22, 11
ECB_02671, 2, 0, 0
ECB_02672, 0, 3, 1
ECB_02673, 2, 2, 2
ECB_02674, 0, 2, 2
ECB_02675, 0, 2, 3
ECB_02676, 2, 2, 5
ECB_02677, 2, 7, 6
ECB_02678, 2, 2, 1
ECB_02679, 0, 5, 3
ECB_02680, 2, 2, 4
ECB_02681, 1, 1, 0
ECB_02682, 4, 3, 4
ECB_02683, 2, 7, 4
ECB_02684, 5, 14, 4
ECB_02685, 2, 4, 2
ECB_02686, 4, 6, 3
ECB_02687, 3, 2, 5
ECB_02688, 1, 2, 3
ECB_02689, 2, 5, 4
ECB_02690, 0, 3, 1
ECB_02691, 1, 2, 3
ECB_02692, 3, 2, 4
ECB_02693, 1, 6, 5
ECB_02694, 0, 5, 2
ECB_02695, 0, 2, 1
ECB_02696, 3, 4, 0
ECB_02697, 0, 2, 2
ECB_02698, 1, 3, 2
ECB_02699, 4, 5, 8
ECB_02700, 3, 4, 2
ECB_02701, 1, 1, 1
ECB_02702, 1, 7, 7
ECB_02703, 2, 5, 3
ECB_02704, 1, 4, 3
ECB_02705, 6, 5, 6
ECB_02706, 1, 9, 4
ECB_02707, 2, 3, 3
ECB_02708, 1, 7, 6
ECB_02709, 0, 3, 2
ECB_02710, 0, 3, 1
ECB_02711, 2, 18, 10
ECB_02712, 6, 1, 5
ECB_02713, 1, 4, 6
ECB_02714, 4, 8, 7
ECB_02715, 6, 2, 5
ECB_02716, 1, 9, 3
ECB_02717, 1, 8, 1
ECB_02718, 1, 2, 1
ECB_02719, 4, 12, 4
ECB_02720, 3, 4, 6
ECB_02721, 0, 2, 2
ECB_02722, 2, 12, 7
ECB_02723, 5, 5, 4
ECB_02724, 2, 15, 6
ECB_02725, 1, 2, 1
ECB_02726, 2, 2, 2
ECB_02727, 1, 1, 0
ECB_02728, 0, 1, 1
ECB_02729, 1, 4, 1
ECB_02730, 0, 12, 4
ECB_02731, 1, 0, 0
ECB_02732, 0, 1, 2
ECB_02733, 3, 10, 7
ECB_02734, 0, 4, 3
ECB_02735, 4, 11, 8
ECB_02736, 1, 0, 3
ECB_02737, 1, 5, 3
ECB_02738, 5, 2, 5
ECB_02739, 3, 5, 6
ECB_02740, 0, 7, 4
ECB_02741, 1, 5, 1
ECB_02742, 0, 0, 1
ECB_02743, 1, 4, 2
ECB_02744, 0, 3, 3
ECB_02745, 1, 3, 4
ECB_02746, 0, 2, 0
ECB_02747, 0, 9, 4
ECB_02748, 4, 13, 7
ECB_02749, 2, 7, 4
ECB_02750, 1, 2, 3
ECB_02751, 0, 6, 6
ECB_02752, 1, 3, 3
ECB_02753, 2, 0, 3
ECB_02754, 1, 2, 1
ECB_02755, 3, 3, 3
ECB_02756, 3, 3, 1
ECB_02757, 1, 3, 2
ECB_02758, 2, 3, 3
ECB_02759, 1, 1, 3
ECB_02760, 0, 4, 2
ECB_02761, 2, 5, 1
ECB_02762, 0, 6, 5
ECB_02763, 1, 3, 5
ECB_02764, 0, 2, 0
ECB_02765, 4, 10, 6
ECB_02766, 3, 4, 2
ECB_02767, 1, 9, 2
ECB_02768, 4, 9, 7
ECB_02769, 1, 0, 0
ECB_02770, 1, 2, 1
ECB_02771, 0, 0, 1
ECB_02772, 2, 4, 4
ECB_02773, 3, 7, 2
ECB_02774, 0, 3, 0
ECB_02775, 3, 3, 0
ECB_02776, 1, 4, 2
ECB_02777, 1, 5, 1
ECB_02778, 0, 3, 2
ECB_02779, 1, 1, 0
ECB_02780, 1, 5, 2
ECB_02781, 1, 4, 2
ECB_02782, 2, 3, 0
ECB_02783, 1, 2, 1
ECB_02784, 2, 5, 2
ECB_02785, 1, 2, 8
ECB_02786, 2, 3, 3
ECB_02787, 0, 13, 2
ECB_02788, 0, 3, 1
ECB_02789, 1, 5, 1
ECB_02790, 3, 5, 5
ECB_02791, 2, 2, 1
ECB_02792, 0, 1, 2
ECB_02793, 1, 5, 7
ECB_02794, 4, 3, 8
ECB_02795, 1, 12, 16
ECB_02796, 2, 3, 1
ECB_02797, 1, 5, 2
ECB_02798, 4, 3, 6
ECB_02799, 2, 0, 0
ECB_02800, 5, 10, 6
ECB_02801, 2, 9, 10
ECB_02802, 0, 1, 4
ECB_02803, 0, 2, 6
ECB_02804, 3, 5, 1
ECB_02805, 2, 3, 1
ECB_02806, 0, 0, 1
ECB_02807, 3, 5, 2
ECB_02808, 0, 0, 1
ECB_02809, 0, 1, 1
ECB_02810, 1, 1, 0
ECB_02811, 2, 5, 2
ECB_02812, 0, 4, 0
ECB_02813, 0, 0, 2
ECB_02814, 2, 6, 2
ECB_02815, 2, 6, 6
ECB_02816, 2, 3, 7
ECB_02817, 1, 3, 2
ECB_02818, 4, 11, 5
ECB_02819, 1, 7, 5
ECB_02820, 2, 7, 1
ECB_02821, 1, 5, 7
ECB_02822, 0, 3, 3
ECB_02823, 3, 1, 2
ECB_02824, 0, 1, 1
ECB_02825, 0, 3, 1
ECB_02826, 4, 7, 9
ECB_02827, 0, 0, 3
ECB_02828, 1, 4, 6
ECB_02829, 1, 3, 2
ECB_02830, 0, 1, 5
ECB_02831, 2, 8, 2
ECB_02832, 3, 2, 1
ECB_02833, 2, 0, 3
ECB_02834, 0, 1, 1
ECB_02835, 0, 2, 0
ECB_02836, 1, 6, 4
ECB_02837, 2, 5, 6
ECB_02838, 6, 7, 7
ECB_02839, 0, 3, 5
ECB_02840, 1, 5, 1
ECB_02841, 0, 5, 3
ECB_02842, 10, 20, 14
ECB_02843, 1, 10, 7
ECB_02844, 4, 9, 8
ECB_02845, 1, 2, 2
ECB_02846, 2, 7, 2
ECB_02847, 1, 7, 10
ECB_02848, 2, 9, 5
ECB_02849, 1, 4, 4
ECB_02850, 0, 6, 5
ECB_02851, 4, 10, 4
ECB_02852, 1, 3, 6
ECB_02853, 0, 2, 2
ECB_02854, 1, 5, 6
ECB_02855, 3, 4, 3
ECB_02856, 0, 6, 5
ECB_02857, 2, 2, 3
ECB_02858, 0, 6, 2
ECB_02859, 5, 7, 4
ECB_02860, 1, 1, 2
ECB_02861, 1, 2, 2
ECB_02862, 2, 5, 2
ECB_02863, 4, 7, 7
ECB_02864, 3, 5, 6
ECB_02865, 1, 3, 2
ECB_02866, 1, 0, 2
ECB_02867, 0, 2, 0
ECB_02868, 2, 3, 4
ECB_02869, 1, 2, 3
ECB_02870, 2, 6, 11
ECB_02871, 1, 5, 3
ECB_02872, 0, 2, 6
ECB_02873, 0, 4, 0
ECB_02873, 0, 2, 1
ECB_02874, 1, 2, 0
ECB_02875, 0, 1, 3
ECB_02876, 1, 4, 2
ECB_02877, 2, 4, 1
ECB_02878, 0, 3, 4
ECB_02879, 1, 1, 1
ECB_02880, 1, 2, 1
ECB_02881, 3, 8, 4
ECB_02882, 2, 2, 1
ECB_02883, 3, 5, 5
ECB_02884, 1, 4, 3
ECB_02885, 1, 4, 2
ECB_02886, 2, 3, 5
ECB_02887, 0, 2, 2
ECB_02888, 4, 14, 7
ECB_02889, 3, 3, 5
ECB_02890, 0, 2, 4
ECB_02891, 2, 9, 10
ECB_02892, 3, 7, 5
ECB_02893, 0, 5, 2
ECB_02894, 0, 4, 1
ECB_02895, 0, 3, 2
ECB_02896, 0, 2, 1
ECB_02897, 1, 0, 2
ECB_02898, 4, 4, 6
ECB_02899, 0, 3, 3
ECB_02900, 0, 3, 1
ECB_02901, 3, 0, 0
ECB_02902, 3, 9, 4
ECB_02903, 0, 3, 3
ECB_02904, 1, 4, 3
ECB_02905, 0, 3, 4
ECB_02906, 0, 4, 6
ECB_02907, 0, 5, 8
ECB_02908, 2, 2, 0
ECB_02909, 0, 5, 3
ECB_02910, 5, 4, 6
ECB_02911, 3, 0, 4
ECB_02912, 0, 0, 4
ECB_02913, 0, 4, 2
ECB_02914, 1, 3, 0
ECB_02915, 0, 4, 5
ECB_02916, 6, 7, 16
ECB_02917, 4, 1, 4
ECB_02918, 2, 3, 5
ECB_02919, 0, 2, 0
ECB_02920, 2, 1, 4
ECB_02921, 1, 10, 7
ECB_02922, 2, 5, 2
ECB_02923, 4, 14, 6
ECB_02924, 5, 12, 1
ECB_02925, 0, 1, 0
ECB_02926, 1, 5, 3
ECB_02927, 0, 3, 2
ECB_02928, 0, 1, 3
ECB_02929, 2, 9, 0
ECB_02930, 1, 6, 8
ECB_02931, 2, 4, 3
ECB_02932, 2, 2, 4
ECB_02933, 3, 8, 4
ECB_02934, 0, 9, 2
ECB_02935, 0, 2, 1
ECB_02936, 1, 11, 8
ECB_02937, 1, 5, 3
ECB_02938, 0, 3, 2
ECB_02939, 0, 1, 5
ECB_02940, 1, 6, 2
ECB_02941, 2, 5, 6
ECB_02942, 5, 8, 0
ECB_02943, 1, 0, 1
ECB_02944, 2, 8, 2
ECB_02945, 6, 15, 7
ECB_02946, 1, 1, 1
ECB_02947, 2, 5, 9
ECB_02948, 1, 2, 1
ECB_02949, 3, 11, 5
ECB_02950, 3, 4, 8
ECB_02951, 0, 3, 2
ECB_02952, 1, 0, 1
ECB_02953, 2, 8, 6
ECB_02954, 0, 4, 0
ECB_02955, 2, 5, 1
ECB_02956, 0, 6, 4
ECB_02957, 1, 2, 2
ECB_02958, 2, 5, 3
ECB_02959, 2, 2, 1
ECB_02960, 1, 6, 5
ECB_02961, 1, 11, 5
ECB_02962, 1, 6, 3
ECB_02963, 1, 0, 1
ECB_02964, 1, 5, 1
ECB_02965, 1, 1, 2
ECB_02966, 2, 1, 0
ECB_02967, 1, 1, 1
ECB_02968, 2, 1, 3
ECB_02969, 2, 2, 0
ECB_02970, 0, 3, 2
ECB_02971, 1, 7, 5
ECB_02972, 0, 1, 1
ECB_02973, 1, 2, 2
ECB_02974, 0, 4, 4
ECB_02975, 2, 6, 1
ECB_02976, 0, 0, 0
ECB_02977, 3, 8, 1
ECB_02978, 1, 6, 3
ECB_02979, 4, 6, 2
ECB_02980, 1, 4, 1
ECB_02981, 5, 12, 11
ECB_02982, 1, 6, 4
ECB_02983, 2, 10, 4
ECB_02984, 0, 4, 7
ECB_02985, 4, 5, 5
ECB_02986, 0, 1, 4
ECB_02987, 1, 1, 1
ECB_02988, 5, 6, 5
ECB_02989, 2, 4, 8
ECB_02990, 2, 3, 5
ECB_02991, 4, 4, 3
ECB_02992, 9, 6, 3
ECB_02993, 0, 8, 3
ECB_02994, 1, 2, 3
ECB_02995, 1, 3, 3
ECB_02996, 0, 1, 3
ECB_02997, 3, 12, 4
ECB_02998, 1, 4, 3
ECB_02999, 1, 3, 0
ECB_03000, 2, 4, 6
ECB_03001, 0, 2, 0
ECB_03002, 3, 7, 5
ECB_03003, 3, 3, 6
ECB_03004, 0, 1, 2
ECB_03005, 0, 2, 1
ECB_03006, 3, 4, 1
ECB_03007, 1, 2, 3
ECB_03008, 1, 5, 2
ECB_03009, 1, 2, 1
ECB_03010, 1, 3, 4
ECB_03011, 4, 10, 7
ECB_03012, 0, 1, 6
ECB_03013, 0, 2, 7
ECB_03014, 7, 14, 7
ECB_03015, 1, 2, 0
ECB_03016, 1, 1, 1
ECB_03017, 2, 2, 1
ECB_03018, 4, 4, 1
ECB_03019, 2, 3, 0
ECB_03020, 1, 2, 5
ECB_03021, 0, 0, 3
ECB_03022, 0, 2, 1
ECB_03023, 1, 4, 1
ECB_03024, 0, 3, 3
ECB_03025, 0, 2, 4
ECB_03026, 0, 4, 3
ECB_03027, 2, 5, 0
ECB_03028, 3, 6, 7
ECB_03029, 3, 7, 6
ECB_03030, 1, 5, 2
ECB_03031, 3, 10, 9
ECB_03032, 0, 2, 0
ECB_03033, 1, 8, 3
ECB_03034, 1, 2, 0
ECB_03035, 2, 11, 9
ECB_03036, 3, 5, 6
ECB_03037, 0, 1, 1
ECB_03038, 3, 8, 9
ECB_03039, 4, 5, 6
ECB_03040, 0, 4, 2
ECB_03041, 2, 7, 7
ECB_03042, 0, 3, 7
ECB_03043, 4, 8, 6
ECB_03044, 1, 3, 1
ECB_03045, 0, 1, 2
ECB_03046, 1, 3, 3
ECB_03047, 7, 7, 10
ECB_03048, 2, 10, 6
ECB_03049, 1, 6, 3
ECB_03050, 0, 1, 0
ECB_03051, 0, 2, 1
ECB_03052, 0, 8, 5
ECB_03053, 0, 1, 1
ECB_03054, 2, 8, 8
ECB_03055, 0, 0, 0
ECB_03056, 0, 1, 2
ECB_03057, 1, 5, 1
ECB_03058, 0, 3, 0
ECB_03059, 2, 2, 4
ECB_03060, 1, 5, 1
ECB_03061, 3, 7, 5
ECB_03062, 0, 6, 1
ECB_03063, 0, 6, 1
ECB_03064, 2, 4, 1
ECB_03065, 0, 2, 0
ECB_03066, 1, 5, 1
ECB_03067, 2, 2, 6
ECB_03068, 2, 0, 1
ECB_03069, 2, 3, 1
ECB_03070, 0, 3, 3
ECB_03071, 1, 0, 1
ECB_03072, 0, 1, 2
ECB_03073, 2, 3, 2
ECB_03074, 1, 1, 2
ECB_03075, 1, 9, 8
ECB_03076, 0, 5, 4
ECB_03077, 2, 15, 10
ECB_03078, 3, 6, 1
ECB_03079, 0, 1, 0
ECB_03080, 1, 2, 1
ECB_03081, 2, 5, 1
ECB_03082, 1, 3, 1
ECB_03083, 1, 2, 0
ECB_03084, 2, 6, 8
ECB_03085, 3, 1, 3
ECB_03086, 0, 10, 2
ECB_03087, 3, 4, 8
ECB_03088, 2, 3, 2
ECB_03089, 3, 1, 1
ECB_03090, 0, 3, 2
ECB_03091, 1, 1, 2
ECB_03092, 2, 6, 8
ECB_03093, 0, 2, 1
ECB_03094, 2, 5, 5
ECB_03095, 3, 6, 5
ECB_03096, 2, 1, 3
ECB_03097, 0, 2, 1
ECB_03098, 0, 0, 1
ECB_03099, 0, 1, 0
ECB_03100, 0, 7, 3
ECB_03101, 1, 2, 4
ECB_03102, 0, 0, 1
ECB_03103, 1, 2, 1
ECB_03104, 2, 4, 5
ECB_03105, 5, 12, 17
ECB_03106, 2, 4, 2
ECB_03107, 2, 1, 1
ECB_03108, 0, 2, 2
ECB_03109, 3, 7, 4
ECB_03110, 2, 4, 3
ECB_03111, 4, 15, 11
ECB_03112, 3, 7, 5
ECB_03113, 1, 1, 1
ECB_03114, 4, 12, 6
ECB_03115, 0, 2, 0
ECB_03116, 3, 8, 5
ECB_03117, 1, 3, 1
ECB_03118, 1, 1, 3
ECB_03119, 0, 1, 3
ECB_03120, 2, 1, 2
ECB_03121, 0, 1, 1
ECB_03122, 0, 3, 4
ECB_03123, 1, 3, 3
ECB_03124, 1, 14, 10
ECB_03125, 0, 1, 1
ECB_03126, 1, 3, 1
ECB_03127, 4, 7, 7
ECB_03128, 3, 8, 5
ECB_03129, 0, 6, 1
ECB_03130, 1, 2, 2
ECB_03131, 0, 1, 0
ECB_03132, 0, 3, 0
ECB_03133, 0, 4, 3
ECB_03134, 0, 2, 2
ECB_03135, 0, 3, 1
ECB_03136, 1, 6, 4
ECB_03137, 2, 2, 3
ECB_03138, 0, 5, 1
ECB_03139, 4, 6, 8
ECB_03140, 0, 7, 3
ECB_03141, 1, 0, 0
ECB_03142, 0, 0, 1
ECB_03143, 0, 3, 3
ECB_03144, 0, 3, 2
ECB_03145, 0, 3, 0
ECB_03146, 1, 0, 4
ECB_03147, 1, 4, 2
ECB_03148, 0, 3, 1
ECB_03149, 0, 2, 0
ECB_03150, 0, 0, 0
ECB_03151, 2, 9, 8
ECB_03152, 0, 0, 2
ECB_03153, 1, 0, 1
ECB_03154, 1, 2, 2
ECB_03155, 1, 1, 1
ECB_03156, 1, 0, 4
ECB_03157, 2, 3, 0
ECB_03158, 1, 1, 1
ECB_03159, 1, 2, 1
ECB_03160, 0, 2, 0
ECB_03161, 1, 1, 4
ECB_03162, 0, 2, 0
ECB_03163, 0, 0, 1
ECB_03164, 1, 3, 1
ECB_03165, 0, 2, 6
ECB_03166, 1, 3, 0
ECB_03167, 1, 1, 0
ECB_03168, 3, 4, 2
ECB_03169, 0, 2, 1
ECB_03170, 1, 4, 4
ECB_03171, 1, 3, 3
ECB_03172, 0, 1, 0
ECB_03173, 1, 2, 1
ECB_03174, 5, 9, 3
ECB_03175, 0, 4, 2
ECB_03176, 5, 11, 8
ECB_03177, 0, 10, 6
ECB_03178, 3, 9, 3
ECB_03179, 2, 3, 2
ECB_03180, 2, 1, 2
ECB_03181, 0, 1, 1
ECB_03182, 1, 5, 3
ECB_03183, 2, 3, 4
ECB_03184, 2, 7, 5
ECB_03185, 2, 1, 4
ECB_03186, 1, 2, 1
ECB_03187, 2, 4, 2
ECB_03188, 1, 1, 1
ECB_03189, 1, 16, 6
ECB_03190, 7, 8, 3
ECB_03191, 3, 7, 5
ECB_03192, 2, 1, 1
ECB_03193, 1, 0, 2
ECB_03194, 0, 3, 0
ECB_03195, 1, 2, 1
ECB_03196, 2, 4, 1
ECB_03197, 0, 4, 1
ECB_03198, 0, 4, 3
ECB_03199, 0, 2, 0
ECB_03200, 3, 1, 6
ECB_03201, 4, 5, 5
ECB_03202, 1, 1, 2
ECB_03203, 6, 8, 3
ECB_03204, 1, 4, 4
ECB_03205, 1, 2, 1
ECB_03206, 1, 2, 2
ECB_03207, 0, 3, 0
ECB_03208, 1, 3, 1
ECB_03209, 4, 9, 12
ECB_03210, 4, 7, 1
ECB_03211, 2, 2, 5
ECB_03212, 1, 1, 0
ECB_03213, 0, 2, 1
ECB_03214, 0, 4, 2
ECB_03215, 1, 5, 6
ECB_03216, 5, 10, 8
ECB_03217, 1, 2, 1
ECB_03218, 0, 1, 5
ECB_03219, 6, 9, 1
ECB_03220, 0, 1, 1
ECB_03221, 3, 6, 3
ECB_03222, 0, 4, 5
ECB_03223, 2, 7, 3
ECB_03224, 1, 5, 2
ECB_03225, 0, 3, 4
ECB_03226, 2, 1, 3
ECB_03227, 1, 2, 4
ECB_03228, 0, 0, 2
ECB_03226, 1, 1, 0
ECB_03229, 4, 7, 2
ECB_03230, 0, 0, 2
ECB_03231, 2, 7, 5
ECB_03232, 4, 6, 4
ECB_03233, 0, 9, 3
ECB_03234, 1, 4, 1
ECB_03235, 1, 3, 3
ECB_03236, 1, 2, 3
ECB_03237, 0, 1, 3
ECB_03238, 4, 6, 1
ECB_03239, 1, 4, 5
ECB_03240, 0, 8, 4
ECB_03241, 4, 4, 8
ECB_03242, 3, 3, 1
ECB_03243, 2, 12, 4
ECB_03244, 1, 3, 1
ECB_03245, 0, 0, 1
ECB_03246, 1, 2, 1
ECB_03247, 2, 2, 0
ECB_03248, 2, 18, 8
ECB_03249, 1, 7, 1
ECB_03250, 4, 8, 15
ECB_03251, 0, 6, 1
ECB_03252, 0, 1, 2
ECB_03253, 1, 5, 3
ECB_03254, 1, 11, 7
ECB_03255, 5, 2, 7
ECB_03256, 6, 9, 3
ECB_03257, 0, 1, 4
ECB_03258, 1, 2, 2
ECB_03259, 5, 9, 4
ECB_03260, 0, 0, 0
ECB_03261, 4, 20, 11
ECB_03262, 0, 1, 0
ECB_03263, 2, 1, 4
ECB_03264, 0, 4, 4
ECB_03265, 2, 3, 0
ECB_03266, 0, 2, 1
ECB_03267, 1, 3, 4
ECB_03268, 5, 13, 11
ECB_03269, 1, 8, 7
ECB_03270, 1, 7, 10
ECB_03271, 5, 8, 2
ECB_03272, 3, 9, 5
ECB_03273, 2, 11, 6
ECB_03274, 2, 3, 3
ECB_03275, 2, 3, 4
ECB_03276, 0, 5, 1
ECB_03277, 1, 4, 7
ECB_03278, 0, 3, 1
ECB_03279, 2, 6, 5
ECB_03278, 1, 11, 8
ECB_03280, 6, 12, 7
ECB_03281, 3, 10, 1
ECB_03282, 3, 4, 5
ECB_03283, 2, 6, 7
ECB_03284, 3, 18, 8
ECB_03285, 0, 2, 1
ECB_03286, 1, 3, 1
ECB_03287, 1, 11, 3
ECB_03288, 1, 4, 1
ECB_03289, 4, 4, 2
ECB_03290, 1, 3, 1
ECB_03291, 0, 5, 3
ECB_03292, 1, 7, 0
ECB_03293, 1, 2, 10
ECB_03294, 1, 3, 5
ECB_03295, 0, 0, 1
ECB_03296, 1, 10, 3
ECB_03297, 1, 4, 1
ECB_03298, 1, 2, 3
ECB_03299, 2, 5, 3
ECB_03300, 4, 3, 0
ECB_03301, 0, 1, 4
ECB_03302, 0, 4, 3
ECB_03303, 1, 4, 2
ECB_03304, 1, 5, 3
ECB_03305, 2, 3, 2
ECB_03306, 0, 5, 3
ECB_03307, 2, 4, 2
ECB_03308, 0, 0, 1
ECB_03309, 0, 4, 4
ECB_03310, 2, 2, 3
ECB_03311, 2, 5, 3
ECB_03312, 0, 6, 3
ECB_03313, 2, 4, 3
ECB_03314, 0, 4, 0
ECB_03315, 1, 0, 2
ECB_03316, 0, 1, 1
ECB_03317, 1, 3, 1
ECB_03318, 1, 9, 7
ECB_03319, 0, 0, 0
ECB_03320, 1, 8, 2
ECB_03321, 1, 1, 2
ECB_03322, 1, 4, 1
ECB_03323, 1, 7, 3
ECB_03324, 1, 4, 1
ECB_03325, 2, 9, 3
ECB_03326, 0, 4, 6
ECB_03327, 1, 6, 1
ECB_03328, 0, 4, 2
ECB_03329, 2, 3, 1
ECB_03330, 0, 2, 0
ECB_03331, 7, 21, 13
ECB_03332, 0, 1, 1
ECB_03333, 0, 3, 2
ECB_03334, 2, 6, 4
ECB_03335, 2, 5, 2
ECB_03336, 3, 14, 11
ECB_03337, 1, 6, 4
ECB_03338, 6, 8, 2
ECB_03339, 3, 5, 8
ECB_03340, 1, 9, 3
ECB_03341, 2, 9, 3
ECB_03342, 4, 5, 2
ECB_03343, 0, 2, 0
ECB_03344, 0, 2, 0
ECB_03345, 1, 10, 5
ECB_03346, 4, 4, 2
ECB_03347, 0, 5, 2
ECB_03348, 0, 3, 1
ECB_03349, 1, 6, 1
ECB_03350, 0, 2, 1
ECB_03351, 1, 8, 3
ECB_03352, 0, 1, 0
ECB_03353, 4, 8, 5
ECB_03354, 0, 4, 3
ECB_03355, 0, 1, 2
ECB_03356, 2, 0, 2
ECB_03357, 3, 1, 1
ECB_03358, 0, 1, 1
ECB_03359, 2, 5, 3
ECB_03360, 3, 2, 3
ECB_03361, 0, 2, 8
ECB_03362, 6, 21, 16
ECB_03363, 0, 2, 1
ECB_03364, 2, 4, 6
ECB_03365, 4, 8, 7
ECB_03366, 0, 11, 7
ECB_03367, 3, 7, 8
ECB_03368, 1, 4, 1
ECB_03369, 1, 9, 3
ECB_03370, 3, 4, 5
ECB_03371, 2, 6, 8
ECB_03372, 4, 17, 10
ECB_03373, 4, 3, 3
ECB_03374, 1, 6, 3
ECB_03375, 2, 3, 5
ECB_03376, 0, 5, 8
ECB_03377, 4, 10, 3
ECB_03378, 3, 13, 14
ECB_03379, 1, 7, 1
ECB_03380, 4, 8, 4
ECB_03381, 5, 17, 7
ECB_03382, 0, 8, 5
ECB_03383, 0, 1, 0
ECB_03384, 3, 11, 5
ECB_03385, 0, 0, 0
ECB_03386, 6, 6, 4
ECB_03387, 0, 0, 0
ECB_03388, 0, 0, 0
ECB_03389, 0, 1, 1
ECB_03390, 1, 3, 7
ECB_03391, 4, 6, 3
ECB_03392, 3, 9, 4
ECB_03393, 0, 3, 1
ECB_03394, 3, 3, 3
ECB_03395, 1, 5, 9
ECB_03396, 2, 9, 2
ECB_03397, 0, 6, 1
ECB_03398, 0, 2, 2
ECB_03399, 2, 1, 0
ECB_03400, 0, 2, 2
ECB_03401, 2, 7, 8
ECB_03402, 0, 3, 0
ECB_03403, 2, 4, 6
ECB_03404, 0, 7, 3
ECB_03405, 0, 0, 2
ECB_03406, 1, 0, 0
ECB_03407, 0, 0, 0
ECB_03408, 1, 2, 2
ECB_03409, 0, 5, 4
ECB_03410, 6, 8, 5
ECB_03411, 2, 2, 2
ECB_03412, 0, 2, 0
ECB_03413, 3, 6, 5
ECB_03414, 0, 1, 1
ECB_03415, 1, 3, 0
ECB_03416, 6, 8, 3
ECB_03417, 0, 8, 4
ECB_03418, 1, 5, 3
ECB_03419, 2, 9, 8
ECB_03419, 1, 1, 1
ECB_03420, 1, 6, 2
ECB_03421, 2, 4, 4
ECB_03422, 0, 4, 1
ECB_03423, 5, 7, 13
ECB_03424, 1, 3, 5
ECB_03425, 1, 0, 1
ECB_03426, 2, 5, 1
ECB_03427, 0, 7, 0
ECB_03428, 2, 2, 1
ECB_03429, 2, 5, 3
ECB_03430, 2, 7, 3
ECB_03431, 0, 5, 3
ECB_03432, 5, 7, 3
ECB_03433, 2, 4, 1
ECB_03434, 1, 4, 3
ECB_03435, 0, 6, 0
ECB_03436, 1, 5, 0
ECB_03437, 4, 5, 4
ECB_03438, 3, 8, 12
ECB_03439, 1, 4, 3
ECB_03440, 5, 4, 1
ECB_03441, 4, 7, 6
ECB_03442, 1, 4, 0
ECB_03443, 3, 11, 4
ECB_03444, 3, 7, 4
ECB_03445, 0, 11, 5
ECB_03446, 3, 7, 6
ECB_03447, 1, 6, 2
ECB_03448, 10, 15, 19
ECB_03449, 1, 5, 4
ECB_03450, 2, 8, 6
ECB_03451, 0, 1, 1
ECB_03452, 0, 3, 4
ECB_03453, 0, 2, 6
ECB_03454, 4, 9, 10
ECB_03455, 3, 2, 2
ECB_03456, 3, 1, 1
ECB_03457, 0, 2, 1
ECB_03458, 1, 0, 2
ECB_03459, 2, 3, 2
ECB_03460, 8, 21, 24
ECB_03461, 2, 6, 6
ECB_03462, 2, 6, 4
ECB_03463, 1, 7, 2
ECB_03464, 1, 3, 1
ECB_03465, 2, 4, 1
ECB_03466, 0, 4, 2
ECB_03467, 1, 0, 2
ECB_03468, 0, 0, 1
ECB_03469, 1, 2, 0
ECB_03470, 5, 9, 6
ECB_03471, 1, 8, 3
ECB_03472, 1, 3, 1
ECB_03473, 1, 2, 2
ECB_03474, 2, 2, 5
ECB_03475, 1, 4, 1
ECB_03476, 1, 2, 4
ECB_03477, 1, 5, 2
ECB_03478, 2, 4, 1
ECB_03479, 1, 2, 5
ECB_03480, 2, 10, 6
ECB_03481, 2, 5, 7
ECB_03482, 1, 1, 4
ECB_03483, 3, 2, 1
ECB_03484, 0, 4, 2
ECB_03485, 1, 2, 1
ECB_03483, 1, 2, 4
ECB_03486, 2, 3, 2
ECB_03487, 0, 4, 3
ECB_03488, 2, 4, 1
ECB_03489, 1, 1, 7
ECB_03490, 0, 6, 6
ECB_03491, 0, 3, 0
ECB_03492, 0, 5, 2
ECB_03493, 0, 0, 1
ECB_03494, 0, 0, 1
ECB_03495, 1, 2, 0
ECB_03496, 1, 8, 4
ECB_03497, 1, 2, 2
ECB_03498, 2, 1, 6
ECB_03499, 1, 1, 2
ECB_03500, 0, 3, 3
ECB_03501, 1, 4, 1
ECB_03502, 0, 3, 5
ECB_03503, 1, 1, 1
ECB_03504, 2, 9, 5
ECB_03505, 3, 3, 1
ECB_03506, 3, 4, 1
ECB_03507, 6, 9, 6
ECB_03508, 0, 2, 1
ECB_03509, 1, 11, 8
ECB_03510, 2, 3, 7
ECB_03511, 0, 7, 5
ECB_03512, 2, 11, 0
ECB_03513, 4, 5, 7
ECB_03514, 1, 15, 9
ECB_03515, 1, 11, 4
ECB_03516, 2, 2, 6
ECB_03517, 2, 10, 9
ECB_03518, 0, 0, 0
ECB_03519, 0, 4, 6
ECB_03520, 2, 7, 6
ECB_03521, 4, 9, 8
ECB_03522, 1, 5, 2
ECB_03523, 2, 4, 3
ECB_03524, 0, 4, 1
ECB_03525, 0, 2, 2
ECB_03526, 0, 0, 1
ECB_03527, 0, 3, 1
ECB_03528, 0, 0, 0
ECB_03529, 0, 0, 0
ECB_03530, 0, 2, 2
ECB_03531, 7, 15, 18
ECB_03532, 1, 1, 1
ECB_03533, 0, 0, 2
ECB_03534, 0, 0, 1
ECB_03535, 0, 1, 1
ECB_03536, 2, 1, 4
ECB_03537, 0, 0, 3
ECB_03538, 0, 2, 4
ECB_03539, 0, 2, 3
ECB_03540, 0, 3, 2
ECB_03541, 1, 1, 0
ECB_03542, 2, 6, 4
ECB_03543, 1, 4, 3
ECB_03544, 0, 2, 5
ECB_03545, 3, 3, 1
ECB_03546, 3, 2, 5
ECB_03547, 3, 2, 1
ECB_03548, 3, 9, 5
ECB_03549, 4, 3, 9
ECB_03550, 1, 6, 3
ECB_03551, 5, 6, 3
ECB_03552, 4, 10, 6
ECB_03553, 1, 3, 0
ECB_03554, 0, 2, 0
ECB_03555, 2, 7, 6
ECB_03556, 0, 2, 0
ECB_03557, 4, 7, 6
ECB_03558, 0, 4, 1
ECB_03559, 0, 1, 3
ECB_03560, 0, 0, 2
ECB_03561, 1, 2, 1
ECB_03562, 2, 5, 5
ECB_03563, 0, 6, 5
ECB_03564, 1, 5, 8
ECB_03565, 0, 5, 9
ECB_03566, 4, 5, 6
ECB_03567, 0, 1, 0
ECB_03567, 0, 1, 2
ECB_03568, 2, 9, 4
ECB_03569, 1, 1, 5
ECB_03570, 0, 3, 0
ECB_03571, 0, 1, 0
ECB_03572, 4, 5, 5
ECB_03573, 1, 5, 7
ECB_03574, 1, 9, 2
ECB_03575, 3, 6, 4
ECB_03576, 1, 4, 3
ECB_03577, 2, 5, 4
ECB_03578, 1, 2, 1
ECB_03579, 0, 1, 0
ECB_03580, 1, 9, 3
ECB_03581, 3, 3, 3
ECB_03582, 7, 8, 6
ECB_03583, 1, 5, 6
ECB_03584, 1, 8, 4
ECB_03585, 2, 5, 5
ECB_03586, 0, 2, 0
ECB_03587, 0, 2, 1
ECB_03588, 0, 0, 0
ECB_03589, 4, 12, 2
ECB_03590, 6, 6, 4
ECB_03591, 0, 0, 3
ECB_03592, 2, 11, 3
ECB_03593, 1, 6, 4
ECB_03594, 4, 5, 1
ECB_03595, 2, 3, 2
ECB_03596, 1, 5, 4
ECB_03597, 0, 3, 2
ECB_03598, 4, 5, 2
ECB_03599, 1, 3, 1
ECB_03600, 3, 3, 2
ECB_03601, 1, 1, 4
ECB_03602, 1, 4, 1
ECB_03603, 0, 1, 4
ECB_03604, 3, 5, 5
ECB_03605, 0, 6, 7
ECB_03606, 1, 5, 14
ECB_03607, 2, 1, 4
ECB_03608, 3, 5, 1
ECB_03609, 3, 5, 2
ECB_03610, 3, 5, 2
ECB_03611, 1, 4, 5
ECB_03612, 1, 4, 5
ECB_03613, 5, 17, 9
ECB_03614, 2, 9, 4
ECB_03615, 2, 3, 1
ECB_03616, 3, 6, 1
ECB_03617, 1, 2, 5
ECB_03618, 2, 2, 1
ECB_03619, 1, 2, 3
ECB_03620, 0, 1, 1
ECB_03621, 1, 4, 0
ECB_03622, 2, 1, 3
ECB_03623, 0, 1, 2
ECB_03624, 0, 0, 0
ECB_03624, 0, 2, 1
ECB_03625, 8, 5, 10
ECB_03626, 0, 1, 1
ECB_03627, 2, 1, 6
ECB_03628, 1, 3, 5
ECB_03629, 2, 3, 9
ECB_03630, 3, 9, 11
ECB_03631, 0, 12, 9
ECB_03632, 2, 1, 0
ECB_03633, 1, 5, 4
ECB_03634, 1, 1, 0
ECB_03635, 2, 6, 4
ECB_03636, 2, 3, 5
ECB_03637, 0, 2, 4
ECB_03638, 4, 1, 2
ECB_03639, 2, 6, 3
ECB_03640, 1, 6, 5
ECB_03641, 1, 2, 0
ECB_03642, 3, 2, 0
ECB_03643, 1, 2, 0
ECB_03644, 5, 5, 2
ECB_03645, 1, 1, 0
ECB_03646, 4, 13, 6
ECB_03647, 0, 1, 0
ECB_03648, 2, 3, 1
ECB_03649, 4, 8, 4
ECB_03650, 2, 9, 7
ECB_03651, 0, 1, 1
ECB_03652, 3, 4, 0
ECB_03653, 1, 0, 1
ECB_03654, 0, 2, 1
ECB_03655, 1, 0, 1
ECB_03656, 3, 12, 4
ECB_03657, 5, 12, 4
ECB_03658, 2, 4, 2
ECB_03659, 0, 0, 2
ECB_03660, 0, 0, 1
ECB_03661, 3, 5, 7
ECB_03662, 2, 8, 5
ECB_03663, 0, 2, 4
ECB_03664, 4, 10, 3
ECB_03665, 0, 4, 3
ECB_03666, 0, 8, 3
ECB_03667, 2, 4, 3
ECB_03668, 3, 5, 1
ECB_03669, 1, 2, 4
ECB_03670, 3, 5, 5
ECB_03671, 3, 10, 1
ECB_03672, 2, 6, 5
ECB_03673, 0, 4, 1
ECB_03674, 5, 11, 4
ECB_03675, 4, 7, 7
ECB_03676, 0, 13, 4
ECB_03677, 2, 6, 2
ECB_03678, 4, 5, 4
ECB_03679, 0, 3, 0
ECB_03680, 1, 1, 2
ECB_03681, 4, 8, 6
ECB_03682, 0, 1, 0
ECB_03683, 0, 0, 0
ECB_03684, 1, 1, 1
ECB_03685, 2, 6, 3
ECB_03686, 1, 2, 1
ECB_03687, 0, 2, 2
ECB_03688, 1, 1, 3
ECB_03689, 7, 8, 5
ECB_03690, 0, 6, 1
ECB_03691, 3, 2, 1
ECB_03692, 1, 3, 4
ECB_03693, 1, 1, 2
ECB_03694, 2, 2, 4
ECB_03695, 0, 2, 0
ECB_03696, 0, 2, 1
ECB_03697, 1, 1, 1
ECB_03698, 0, 4, 0
ECB_03699, 1, 3, 3
ECB_03700, 0, 3, 3
ECB_03701, 1, 9, 7
ECB_03702, 0, 3, 3
ECB_03703, 1, 0, 2
ECB_03704, 3, 4, 6
ECB_03705, 0, 5, 2
ECB_03706, 0, 3, 3
ECB_03707, 1, 4, 2
ECB_03708, 5, 25, 7
ECB_03709, 2, 0, 5
ECB_03710, 2, 2, 5
ECB_03711, 0, 1, 2
ECB_03712, 1, 3, 1
ECB_03713, 3, 8, 3
ECB_03714, 1, 9, 9
ECB_03715, 3, 8, 2
ECB_03716, 0, 4, 4
ECB_03717, 2, 4, 7
ECB_03718, 2, 3, 4
ECB_03719, 1, 7, 7
ECB_03720, 0, 3, 4
ECB_03721, 0, 9, 3
ECB_03722, 2, 3, 4
ECB_03723, 0, 4, 1
ECB_03724, 0, 5, 1
ECB_03725, 2, 8, 3
ECB_03726, 0, 1, 4
ECB_03727, 0, 3, 5
ECB_03728, 4, 12, 10
ECB_03729, 0, 0, 0
ECB_03730, 2, 0, 0
ECB_03731, 1, 4, 4
ECB_03732, 0, 5, 2
ECB_03733, 2, 4, 3
ECB_03734, 0, 8, 5
ECB_03735, 1, 3, 3
ECB_03736, 3, 1, 1
ECB_03737, 1, 11, 8
ECB_03738, 3, 5, 5
ECB_03739, 1, 2, 2
ECB_03740, 3, 7, 3
ECB_03741, 1, 7, 2
ECB_03742, 1, 2, 3
ECB_03743, 0, 3, 4
ECB_03744, 0, 0, 0
ECB_03745, 3, 3, 3
ECB_03746, 1, 1, 1
ECB_03747, 4, 7, 2
ECB_03748, 1, 8, 8
ECB_03749, 4, 11, 9
ECB_03750, 0, 1, 1
ECB_03751, 0, 3, 1
ECB_03752, 2, 8, 6
ECB_03753, 0, 3, 5
ECB_03754, 2, 8, 0
ECB_03755, 1, 6, 6
ECB_03756, 8, 12, 7
ECB_03757, 1, 3, 4
ECB_03758, 1, 6, 3
ECB_03759, 0, 4, 6
ECB_03760, 0, 4, 2
ECB_03761, 3, 5, 4
ECB_03762, 3, 7, 4
ECB_03763, 2, 20, 4
ECB_03764, 2, 6, 1
ECB_03765, 1, 6, 4
ECB_03766, 2, 2, 4
ECB_03767, 0, 3, 2
ECB_03768, 3, 2, 6
ECB_03769, 1, 3, 2
ECB_03770, 1, 3, 3
ECB_03771, 0, 4, 3
ECB_03772, 0, 2, 0
ECB_03773, 2, 2, 0
ECB_03773, 0, 1, 2
ECB_03774, 0, 0, 3
ECB_03775, 1, 1, 3
ECB_03776, 0, 4, 3
ECB_03777, 2, 1, 1
ECB_03778, 3, 2, 3
ECB_03779, 9, 14, 6
ECB_03780, 0, 2, 2
ECB_03781, 1, 3, 2
ECB_03782, 0, 8, 7
ECB_03783, 1, 3, 3
ECB_03784, 1, 10, 4
ECB_03785, 1, 3, 1
ECB_03786, 1, 6, 14
ECB_03787, 2, 1, 4
ECB_03788, 0, 5, 4
ECB_03789, 2, 7, 3
ECB_03790, 3, 3, 2
ECB_03791, 1, 3, 3
ECB_03792, 1, 5, 3
ECB_03793, 3, 4, 2
ECB_03794, 0, 2, 2
ECB_03795, 1, 6, 4
ECB_03796, 3, 2, 6
ECB_03797, 0, 8, 6
ECB_03798, 2, 4, 1
ECB_03799, 2, 1, 0
ECB_03800, 1, 4, 4
ECB_03801, 0, 5, 2
ECB_03802, 4, 7, 4
ECB_03803, 0, 1, 3
ECB_03804, 1, 1, 2
ECB_03805, 0, 2, 3
ECB_03806, 0, 1, 1
ECB_03807, 0, 2, 1
ECB_03808, 0, 1, 2
ECB_03809, 1, 3, 6
ECB_03810, 1, 4, 2
ECB_03811, 0, 3, 3
ECB_03812, 1, 4, 5
ECB_03813, 0, 0, 1
ECB_03814, 0, 2, 1
ECB_03815, 3, 1, 2
ECB_03816, 1, 2, 2
ECB_03817, 0, 2, 1
ECB_03818, 3, 2, 7
ECB_03819, 2, 3, 6
ECB_03820, 3, 10, 8
ECB_03821, 0, 1, 0
ECB_03822, 4, 3, 1
ECB_03823, 0, 1, 2
ECB_03824, 3, 1, 0
ECB_03825, 5, 3, 7
ECB_03826, 7, 8, 7
ECB_03827, 1, 4, 3
ECB_03828, 7, 11, 9
ECB_03829, 2, 3, 1
ECB_03830, 1, 5, 1
ECB_03831, 0, 7, 2
ECB_03832, 1, 1, 2
ECB_03833, 8, 7, 11
ECB_03834, 2, 3, 3
ECB_03835, 0, 3, 0
ECB_03836, 4, 10, 1
ECB_03837, 0, 4, 4
ECB_03838, 1, 3, 0
ECB_03839, 1, 5, 3
ECB_03840, 3, 6, 2
ECB_03841, 2, 9, 5
ECB_03842, 1, 9, 1
ECB_03843, 0, 3, 0
ECB_03844, 0, 4, 1
ECB_03845, 0, 10, 8
ECB_03846, 1, 8, 1
ECB_03847, 3, 7, 5
ECB_03848, 1, 3, 5
ECB_03849, 1, 1, 1
ECB_03850, 2, 8, 1
ECB_03851, 0, 6, 3
ECB_03852, 1, 1, 5
ECB_03853, 1, 5, 8
ECB_03854, 2, 9, 3
ECB_03855, 1, 5, 2
ECB_03856, 4, 5, 7
ECB_03857, 0, 2, 1
ECB_03858, 0, 2, 3
ECB_03859, 1, 0, 1
ECB_03860, 1, 2, 1
ECB_03861, 1, 0, 3
ECB_03862, 0, 3, 0
ECB_03863, 3, 27, 10
ECB_03864, 6, 16, 15
ECB_03865, 0, 4, 4
ECB_03866, 2, 6, 4
ECB_03867, 1, 3, 2
ECB_03868, 0, 0, 0
ECB_03869, 1, 5, 2
ECB_03870, 0, 3, 2
ECB_03871, 3, 10, 2
ECB_03872, 0, 3, 1
ECB_03873, 0, 2, 5
ECB_03874, 3, 4, 1
ECB_03875, 1, 3, 1
ECB_03876, 1, 4, 3
ECB_03877, 0, 1, 0
ECB_03878, 0, 4, 3
ECB_03879, 1, 0, 0
ECB_03880, 1, 7, 4
ECB_03881, 2, 10, 6
ECB_03882, 4, 4, 7
ECB_03883, 1, 6, 3
ECB_03884, 0, 4, 3
ECB_03885, 0, 5, 4
ECB_03886, 3, 6, 6
ECB_03887, 1, 11, 1
ECB_03888, 6, 7, 9
ECB_03889, 0, 3, 2
ECB_03889, 0, 6, 4
ECB_03890, 1, 4, 3
ECB_03891, 9, 13, 10
ECB_03892, 1, 8, 6
ECB_03893, 2, 1, 3
ECB_03894, 2, 6, 3
ECB_03895, 0, 0, 0
ECB_03896, 1, 4, 5
ECB_03897, 7, 14, 6
ECB_03898, 0, 1, 0
ECB_03899, 0, 0, 3
ECB_03900, 0, 1, 2
ECB_03901, 2, 7, 11
ECB_03902, 1, 2, 1
ECB_03903, 3, 5, 2
ECB_03904, 1, 5, 5
ECB_03905, 5, 7, 4
ECB_03906, 1, 9, 4
ECB_03907, 2, 2, 4
ECB_03908, 5, 9, 3
ECB_03909, 2, 11, 1
ECB_03910, 4, 9, 6
ECB_03911, 0, 1, 1
ECB_03912, 0, 1, 1
ECB_03913, 3, 13, 8
ECB_03914, 1, 1, 1
ECB_03915, 2, 1, 2
ECB_03916, 0, 8, 7
ECB_03917, 1, 1, 1
ECB_03918, 0, 0, 0
ECB_03919, 0, 1, 1
ECB_03920, 2, 3, 0
ECB_03921, 1, 2, 4
ECB_03922, 1, 1, 0
ECB_03923, 1, 5, 2
ECB_03924, 5, 9, 2
ECB_03925, 2, 4, 6
ECB_03926, 0, 3, 2
ECB_03927, 0, 2, 3
ECB_03928, 1, 3, 1
ECB_03929, 0, 3, 1
ECB_03930, 1, 12, 15
ECB_03931, 2, 3, 1
ECB_03932, 0, 2, 1
ECB_03933, 0, 2, 7
ECB_03933, 1, 2, 2
ECB_03934, 1, 4, 0
ECB_03935, 1, 3, 2
ECB_03936, 4, 10, 3
ECB_03937, 2, 10, 4
ECB_03938, 1, 6, 7
ECB_03939, 2, 11, 3
ECB_03940, 0, 2, 2
ECB_03941, 5, 7, 5
ECB_03942, 3, 2, 3
ECB_03943, 2, 2, 3
ECB_03944, 3, 2, 1
ECB_03945, 4, 4, 6
ECB_03946, 5, 10, 8
ECB_03947, 0, 0, 2
ECB_03948, 1, 0, 0
ECB_03949, 4, 8, 7
ECB_03950, 0, 4, 1
ECB_03951, 3, 9, 10
ECB_03952, 2, 2, 4
ECB_03953, 3, 7, 7
ECB_03954, 1, 4, 3
ECB_03955, 2, 6, 10
ECB_03956, 0, 4, 5
ECB_03957, 2, 5, 1
ECB_03958, 1, 4, 1
ECB_03959, 3, 10, 2
ECB_03960, 0, 3, 4
ECB_03961, 1, 0, 2
ECB_03962, 1, 2, 2
ECB_03963, 1, 1, 0
ECB_03964, 0, 3, 2
ECB_03965, 0, 0, 1
ECB_03966, 1, 1, 0
ECB_03967, 5, 5, 3
ECB_03968, 2, 4, 6
ECB_03969, 2, 3, 3
ECB_03970, 0, 7, 1
ECB_03971, 2, 4, 2
ECB_03972, 0, 5, 1
ECB_03973, 0, 1, 0
ECB_03974, 1, 4, 3
ECB_03975, 0, 5, 1
ECB_03976, 1, 4, 2
ECB_03977, 2, 3, 2
ECB_03978, 2, 1, 0
ECB_03979, 0, 2, 3
ECB_03980, 2, 9, 6
ECB_03981, 1, 4, 3
ECB_03982, 3, 10, 3
ECB_03983, 2, 3, 2
ECB_03984, 1, 2, 3
ECB_03985, 3, 15, 9
ECB_03986, 3, 5, 3
ECB_03987, 1, 3, 4
ECB_03988, 2, 21, 16
ECB_03989, 2, 3, 4
ECB_03990, 3, 6, 3
ECB_03991, 2, 13, 5
ECB_03992, 0, 2, 0
ECB_03993, 3, 11, 7
ECB_03994, 2, 7, 2
ECB_03995, 1, 1, 1
ECB_03996, 0, 3, 5
ECB_03996, 4, 5, 1
ECB_03997, 0, 1, 1
ECB_03998, 0, 0, 0
ECB_03999, 1, 1, 1
ECB_04000, 4, 6, 6
ECB_04001, 2, 6, 11
ECB_04002, 2, 14, 4
ECB_04003, 1, 5, 7
ECB_04004, 4, 11, 5
ECB_04005, 1, 1, 2
ECB_04006, 3, 4, 9
ECB_04007, 0, 1, 2
ECB_04008, 0, 4, 6
ECB_04009, 1, 14, 3
ECB_04010, 0, 1, 1
ECB_04011, 2, 4, 6
ECB_04012, 0, 2, 3
ECB_04013, 1, 7, 6
ECB_04014, 1, 3, 0
ECB_04015, 1, 2, 2
ECB_04016, 1, 4, 3
ECB_04017, 1, 1, 0
ECB_04018, 0, 0, 1
ECB_04019, 0, 1, 0
ECB_04020, 0, 1, 2
ECB_04021, 0, 4, 2
ECB_04022, 2, 7, 4
ECB_04023, 0, 0, 1
ECB_04024, 0, 1, 1
ECB_04025, 1, 5, 2
ECB_04026, 4, 10, 3
ECB_04027, 0, 1, 3
ECB_04028, 2, 5, 3
ECB_04029, 11, 20, 8
ECB_04030, 2, 1, 4
ECB_04031, 1, 3, 0
ECB_04032, 0, 4, 1
ECB_04033, 2, 3, 4
ECB_04034, 3, 6, 8
ECB_04035, 1, 2, 2
ECB_04036, 1, 5, 5
ECB_04037, 2, 9, 7
ECB_04038, 3, 5, 1
ECB_04039, 2, 0, 2
ECB_04040, 1, 4, 2
ECB_04041, 5, 4, 6
ECB_04042, 1, 4, 5
ECB_04043, 0, 0, 1
ECB_04044, 1, 5, 7
ECB_04045, 1, 0, 2
ECB_04046, 6, 6, 7
ECB_04047, 0, 3, 3
ECB_04048, 2, 2, 1
ECB_04049, 3, 4, 4
ECB_04050, 2, 4, 4
ECB_04051, 0, 1, 2
ECB_04052, 0, 2, 2
ECB_04053, 3, 1, 2
ECB_04054, 2, 6, 4
ECB_04055, 2, 1, 3
ECB_04056, 0, 1, 3
ECB_04057, 1, 4, 2
ECB_04058, 3, 1, 2
ECB_04059, 2, 6, 3
ECB_04060, 2, 8, 6
ECB_04061, 0, 1, 0
ECB_04062, 0, 4, 1
ECB_04063, 0, 2, 3
ECB_04064, 0, 2, 3
ECB_04065, 2, 1, 0
ECB_04066, 0, 2, 0
ECB_04067, 2, 0, 0
ECB_04068, 0, 3, 1
ECB_04069, 0, 0, 1
ECB_04070, 2, 3, 1
ECB_04071, 2, 9, 5
ECB_04072, 3, 8, 7
ECB_04073, 0, 5, 5
ECB_04074, 1, 3, 3
ECB_04075, 3, 0, 3
ECB_04076, 1, 0, 4
ECB_04077, 0, 1, 0
ECB_04078, 1, 1, 2
ECB_04079, 1, 3, 1
ECB_04080, 0, 8, 8
ECB_04081, 0, 2, 1
ECB_04082, 2, 2, 4
ECB_04083, 0, 5, 4
ECB_04084, 1, 1, 1
ECB_04085, 0, 13, 8
ECB_04086, 1, 2, 1
ECB_04087, 0, 4, 3
ECB_04088, 0, 1, 1
ECB_04089, 1, 8, 3
ECB_04090, 1, 9, 2
ECB_04091, 1, 11, 3
ECB_04092, 13, 15, 13
ECB_04093, 3, 0, 2
ECB_04094, 2, 0, 1
ECB_04095, 2, 2, 2
ECB_04096, 2, 8, 1
ECB_04097, 2, 15, 1
ECB_04098, 2, 4, 2
ECB_04099, 3, 6, 3
ECB_04100, 1, 1, 2
ECB_04101, 4, 8, 4
ECB_04102, 1, 1, 1
ECB_04103, 3, 6, 1
ECB_04104, 1, 1, 2
ECB_04105, 1, 1, 4
ECB_04106, 4, 11, 6
ECB_04107, 2, 8, 7
ECB_04108, 1, 8, 2
ECB_04109, 4, 3, 2
ECB_04110, 3, 13, 12
ECB_04111, 0, 2, 2
ECB_04112, 0, 2, 1
ECB_04113, 0, 4, 4
ECB_04114, 0, 0, 0
ECB_04115, 0, 1, 2
ECB_04116, 1, 1, 2
ECB_04117, 1, 3, 4
ECB_04118, 1, 1, 1
ECB_04119, 6, 10, 11
ECB_04120, 4, 4, 2
ECB_04121, 0, 1, 2
ECB_04122, 2, 2, 3
ECB_04123, 2, 5, 5
ECB_04124, 9, 12, 9
ECB_04125, 1, 2, 1
ECB_04126, 2, 8, 12
ECB_04127, 0, 2, 3
ECB_04128, 1, 2, 2
ECB_04129, 3, 6, 6
ECB_04130, 1, 9, 2
ECB_04131, 1, 4, 5
ECB_04132, 0, 3, 2
ECB_04133, 1, 6, 2
ECB_04134, 0, 3, 5
ECB_04135, 1, 3, 3
ECB_04136, 1, 9, 4
ECB_04137, 0, 2, 4
ECB_04138, 0, 0, 2
ECB_04138, 0, 3, 2
ECB_04138, 1, 2, 3
ECB_04139, 0, 2, 2
ECB_04140, 3, 3, 4
ECB_04141, 2, 5, 8
ECB_04142, 2, 5, 7
ECB_04143, 0, 0, 0
ECB_04144, 0, 2, 0
ECB_04145, 0, 1, 0
ECB_04146, 0, 7, 2
ECB_04147, 0, 2, 0
ECB_04148, 3, 10, 7
ECB_04149, 0, 6, 3
ECB_04150, 0, 3, 2
ECB_04151, 0, 2, 5
ECB_04152, 2, 1, 3
ECB_04153, 1, 6, 1
ECB_04154, 2, 5, 1
ECB_04155, 4, 10, 3
ECB_04156, 2, 7, 3
ECB_04157, 2, 9, 4
ECB_04158, 1, 6, 5
ECB_04159, 2, 2, 1
ECB_04160, 1, 1, 1
ECB_04161, 0, 2, 1
ECB_04161, 0, 0, 0
ECB_04162, 0, 0, 2
ECB_04163, 0, 1, 2
ECB_04164, 0, 1, 1
ECB_04165, 2, 3, 3
ECB_04166, 1, 5, 2
ECB_04167, 1, 2, 1
ECB_04168, 1, 3, 2
ECB_04169, 1, 5, 4
ECB_04170, 1, 1, 0
ECB_04171, 3, 5, 6
ECB_04172, 2, 4, 3
ECB_04173, 1, 5, 0
ECB_04174, 1, 0, 1
ECB_04175, 0, 1, 3
ECB_04175, 1, 4, 1
ECB_04176, 1, 1, 2
ECB_04177, 0, 2, 3
ECB_04178, 1, 3, 3
ECB_04179, 0, 4, 0
ECB_04180, 0, 1, 3
ECB_04181, 1, 1, 3
ECB_04179, 0, 0, 0
ECB_04182, 2, 5, 1
ECB_04183, 1, 0, 0
ECB_04184, 1, 2, 6
ECB_04185, 1, 5, 2
ECB_04186, 3, 13, 10
ECB_04187, 0, 0, 3
ECB_04188, 1, 0, 1
ECB_04189, 1, 3, 3
ECB_04190, 6, 8, 5
ECB_04191, 2, 4, 4
ECB_04192, 3, 4, 5
ECB_04193, 1, 4, 3
ECB_04194, 2, 2, 5
ECB_04195, 0, 3, 2
ECB_04196, 1, 6, 4
ECB_04197, 3, 9, 5
ECB_04198, 2, 2, 1
ECB_04199, 2, 4, 2
ECB_04200, 2, 2, 4
ECB_04201, 5, 9, 4
ECB_04202, 2, 7, 6
ECB_04203, 2, 5, 1
ECB_04204, 0, 8, 4
ECB_04205, 3, 6, 5
ECB_04206, 2, 6, 5
ECB_04207, 2, 2, 1
ECB_04208, 0, 0, 0
ECB_04209, 0, 2, 0
ECB_04210, 5, 13, 8
ECB_04211, 2, 5, 4
ECB_04212, 0, 11, 3
ECB_04213, 0, 0, 1
ECB_04214, 3, 6, 5
ECB_04215, 4, 7, 5
ECB_04216, 9, 15, 13
ECB_04217, 2, 5, 2
ECB_04218, 0, 4, 3
ECB_04219, 0, 1, 0
ECB_04220, 4, 10, 7
ECB_04221, 1, 3, 3
ECB_04222, 1, 7, 6
ECB_04223, 2, 2, 3
ECB_04224, 3, 8, 3
ECB_04225, 1, 3, 6
ECB_04226, 2, 7, 6
ECB_04227, 0, 0, 2
ECB_04228, 3, 0, 2
ECB_04229, 1, 11, 6
ECB_04230, 3, 4, 10
ECB_04231, 1, 0, 4
ECB_04232, 0, 7, 4
ECB_04233, 4, 7, 4
ECB_04234, 2, 5, 2
ECB_04234, 0, 2, 3
ECB_04235, 1, 4, 2
ECB_04236, 2, 7, 12
ECB_04237, 0, 1, 0
ECB_04238, 1, 2, 3
ECB_04239, 0, 4, 1
ECB_04240, 1, 2, 1
ECB_04241, 0, 2, 6
ECB_04242, 1, 4, 2
ECB_04243, 1, 1, 1
ECB_04244, 1, 2, 1
ECB_04245, 1, 1, 0
ECB_04246, 3, 3, 3
ECB_04247, 1, 0, 2
ECB_04248, 0, 1, 1
ECB_04249, 0, 3, 2
ECB_04250, 4, 4, 3
ECB_04251, 1, 2, 1
ECB_04252, 0, 1, 0
ECB_04253, 0, 3, 4
ECB_04254, 0, 0, 3
ECB_04255, 3, 3, 1
ECB_04256, 1, 12, 3
ECB_04257, 1, 6, 1
ECB_04258, 1, 6, 5
ECB_04259, 0, 5, 4
ECB_04260, 0, 4, 1
ECB_04261, 0, 1, 4
ECB_04262, 3, 5, 3
ECB_04263, 2, 3, 1
ECB_04264, 2, 1, 3
ECB_04265, 5, 8, 6
ECB_04266, 4, 10, 3
ECB_04267, 3, 6, 8
ECB_04268, 5, 5, 9
ECB_04269, 1, 2, 1
ECB_04270, 1, 6, 3
ECB_04271, 1, 7, 1
ECB_04272, 0, 2, 3
ECB_04273, 1, 0, 3
ECB_04274, 0, 8, 1
ECB_04275, 3, 7, 6
ECB_04276, 1, 3, 2
ECB_04276, 0, 6, 1
ECB_04277, 2, 2, 1
ECB_04278, 0, 1, 1
ECB_04279, 2, 1, 4
